Fecha,Precipitacion (mm),T_Max (C),T_Min (C)
2013-01-01,0.0,,
2013-01-02,7.4,7.4,4.6
2013-01-03,0.2,5.9,1.2
2013-01-04,0.0,10.8,0.8
2013-01-05,0.0,18.5,4.3
2013-01-06,0.0,14.4,2.6
2013-01-07,0.0,15.4,0.2
2013-01-08,2.8000000000000003,23.6,5.2
2013-01-09,6.2,19.7,5.4
2013-01-10,0.0,22.3,0.0
2013-01-11,0.0,28.4,2.0
2013-01-12,0.0,27.6,9.8
2013-01-13,0.0,23.9,6.4
2013-01-14,0.0,19.3,1.3
2013-01-15,0.0,18.1,2.7
2013-01-16,0.0,12.5,-1.7
2013-01-17,0.0,14.1,-5.9
2013-01-18,0.0,12.6,-4.8
2013-01-19,0.0,21.4,-3.5
2013-01-20,0.4,21.3,1.4
2013-01-21,0.0,20.0,5.3
2013-01-22,1.5999999999999999,18.6,3.5
2013-01-23,0.2,21.8,3.8
2013-01-24,0.0,24.1,6.2
2013-01-25,0.0,26.3,8.1
2013-01-26,0.0,24.8,9.9
2013-01-27,0.0,29.2,8.4
2013-01-28,0.0,28.5,8.3
2013-01-29,0.0,27.3,11.1
2013-01-30,0.0,22.5,5.0
2013-01-31,0.0,17.1,-1.3
2013-02-01,0.0,16.0,-0.1
2013-02-02,0.0,23.6,-0.7
2013-02-03,0.0,17.0,1.6
2013-02-04,0.0,28.7,5.9
2013-02-05,0.0,23.6,4.7
2013-02-06,0.0,23.8,7.5
2013-02-07,0.0,26.0,3.3
2013-02-08,0.0,19.3,10.6
2013-02-09,0.0,29.4,7.2
2013-02-10,0.0,29.0,13.5
2013-02-11,0.0,28.8,11.9
2013-02-12,0.0,29.0,13.2
2013-02-13,0.0,17.7,9.0
2013-02-14,0.0,19.0,-1.2
2013-02-15,0.0,20.2,-1.1
2013-02-16,0.0,12.6,4.4
2013-02-17,0.2,21.0,-1.3
2013-02-18,0.0,27.1,2.4
2013-02-19,0.0,21.3,6.8
2013-02-20,0.0,30.3,7.0
2013-02-21,0.0,29.3,16.2
2013-02-22,0.0,22.7,9.4
2013-02-23,0.0,23.4,7.6
2013-02-24,0.0,28.2,5.8
2013-02-25,0.0,26.4,7.8
2013-02-26,0.0,18.4,-2.7
2013-02-27,0.0,20.1,2.0
2013-02-28,0.0,13.7,0.5
2013-03-01,0.0,16.9,-1.0
2013-03-02,0.0,20.1,-1.4
2013-03-03,0.0,21.2,0.2
2013-03-04,0.0,30.1,-0.1
2013-03-05,0.0,24.9,5.0
2013-03-06,0.0,16.7,-0.4
2013-03-07,0.0,26.6,1.7
2013-03-08,0.0,27.3,6.4
2013-03-09,0.0,29.6,11.8
2013-03-10,0.0,24.5,9.7
2013-03-11,0.0,16.6,0.6
2013-03-12,0.0,20.4,2.9
2013-03-13,0.0,19.6,2.1
2013-03-14,0.0,19.7,2.3
2013-03-15,0.0,22.5,3.2
2013-03-16,0.0,27.2,8.4
2013-03-17,0.0,30.7,11.7
2013-03-18,0.0,29.7,10.0
2013-03-19,0.0,28.4,9.5
2013-03-20,0.4,24.6,6.8
2013-03-21,0.2,30.5,9.8
2013-03-22,0.0,32.9,12.2
2013-03-23,0.0,25.8,14.6
2013-03-24,0.0,17.9,14.1
2013-03-25,0.0,13.6,-0.6
2013-03-26,0.4,9.2,3.5
2013-03-27,0.0,18.9,2.2
2013-03-28,0.0,24.0,4.3
2013-03-29,0.0,23.9,5.4
2013-03-30,0.0,29.4,4.6
2013-03-31,0.0,32.5,9.2
2013-04-01,0.0,25.0,15.8
2013-04-02,0.0,24.1,10.9
2013-04-03,0.0,23.0,9.3
2013-04-04,0.0,23.2,11.5
2013-04-05,0.0,23.0,6.5
2013-04-06,0.0,30.0,12.4
2013-04-07,0.0,32.7,11.9
2013-04-08,0.0,33.8,11.1
2013-04-09,0.0,34.4,11.1
2013-04-10,0.0,30.5,16.7
2013-04-11,0.0,21.4,4.8
2013-04-12,0.0,22.7,4.6
2013-04-13,0.0,21.6,6.4
2013-04-14,0.0,29.6,6.1
2013-04-15,0.0,33.1,10.1
2013-04-16,0.0,33.7,14.1
2013-04-17,0.0,35.3,12.6
2013-04-18,0.0,33.2,14.7
2013-04-19,0.0,22.1,7.6
2013-04-20,0.0,20.6,0.5
2013-04-21,0.0,28.5,5.9
2013-04-22,0.0,27.1,5.1
2013-04-23,0.0,33.5,12.6
2013-04-24,0.2,23.5,11.9
2013-04-25,0.0,18.6,9.2
2013-04-26,4.6,30.6,9.8
2013-04-27,0.0,26.9,9.7
2013-04-28,0.0,22.6,13.2
2013-04-29,1.6,23.5,11.4
2013-04-30,0.0,30.1,10.5
2013-05-01,0.0,32.5,16.4
2013-05-02,0.2,27.1,13.8
2013-05-03,0.2,18.5,6.7
2013-05-04,0.0,22.0,3.6
2013-05-05,0.0,22.6,6.8
2013-05-06,0.8,23.5,8.7
2013-05-07,0.2,25.2,9.7
2013-05-08,0.0,32.2,9.9
2013-05-09,0.0,33.3,12.1
2013-05-10,0.0,31.4,12.7
2013-05-11,7.200000000000001,25.1,13.8
2013-05-12,44.2,14.4,11.8
2013-05-13,22.8,17.4,11.3
2013-05-14,16.799999999999997,21.2,11.1
2013-05-15,11.2,27.9,14.1
2013-05-16,0.0,31.7,16.5
2013-05-17,0.0,32.0,16.8
2013-05-18,0.0,32.2,18.6
2013-05-19,1.2000000000000002,33.7,17.1
2013-05-20,0.6000000000000001,34.2,16.9
2013-05-21,0.0,33.3,15.4
2013-05-22,0.2,27.0,15.5
2013-05-23,0.0,29.4,12.6
2013-05-24,16.2,25.3,14.6
2013-05-25,3.0,26.7,12.5
2013-05-26,0.0,24.5,13.4
2013-05-27,0.0,27.9,13.5
2013-05-28,0.0,30.7,13.1
2013-05-29,0.0,27.0,16.9
2013-05-30,0.0,32.0,15.4
2013-05-31,0.0,32.7,13.5
2013-06-01,0.0,34.1,17.3
2013-06-02,0.0,27.5,16.8
2013-06-03,0.0,26.8,14.6
2013-06-04,0.0,29.4,14.9
2013-06-05,0.0,30.6,14.3
2013-06-06,0.0,31.4,16.0
2013-06-07,0.0,27.2,13.5
2013-06-08,2.6,28.5,15.4
2013-06-09,0.0,31.2,13.7
2013-06-10,16.6,26.0,13.6
2013-06-11,0.6000000000000001,24.6,12.3
2013-06-12,1.8,26.9,14.6
2013-06-13,12.200000000000001,25.8,16.1
2013-06-14,4.199999999999999,25.5,16.8
2013-06-15,0.8,28.7,14.4
2013-06-16,0.0,28.7,14.8
2013-06-17,0.0,29.9,15.3
2013-06-18,0.0,28.5,14.6
2013-06-19,0.0,27.5,15.4
2013-06-20,0.0,26.7,14.9
2013-06-21,0.0,26.8,13.7
2013-06-22,0.0,27.8,13.1
2013-06-23,0.0,29.1,13.7
2013-06-24,0.0,29.2,14.4
2013-06-25,0.0,31.4,14.8
2013-06-26,0.0,33.1,15.7
2013-06-27,0.0,31.3,14.8
2013-06-28,0.0,29.4,16.1
2013-06-29,0.0,30.6,14.8
2013-06-30,19.799999999999997,30.6,15.3
2013-07-01,12.4,27.0,14.1
2013-07-02,14.8,20.8,16.1
2013-07-03,0.0,21.3,14.6
2013-07-04,0.2,23.2,13.7
2013-07-05,0.0,20.5,18.8
2013-07-06,0.0,,
2013-07-07,0.0,,
2013-07-08,0.0,,
2013-07-09,0.0,,
2013-07-10,0.0,,
2013-07-11,0.0,,
2013-07-12,0.0,,
2013-07-13,0.0,,
2013-07-14,0.0,,
2013-07-15,0.0,,
2013-07-16,0.0,,
2013-07-17,0.0,,
2013-07-18,0.0,,
2013-07-19,0.0,,
2013-07-20,0.0,,
2013-07-21,0.0,,
2013-07-22,0.0,,
2013-07-23,0.0,,
2013-07-24,0.0,,
2013-07-25,0.0,,
2013-07-26,0.0,,
2013-07-27,0.0,,
2013-07-28,0.0,,
2013-07-29,0.0,,
2013-07-30,0.0,,
2013-07-31,0.0,,
2013-08-01,0.0,37.0,18.5
2013-08-02,0.0,36.7,19.1
2013-08-03,0.0,36.9,20.4
2013-08-04,0.0,36.4,19.9
2013-08-05,0.8,38.0,18.2
2013-08-06,0.0,39.2,17.9
2013-08-07,0.0,39.5,19.2
2013-08-08,0.0,38.8,19.9
2013-08-09,0.0,38.1,20.4
2013-08-10,18.8,36.0,19.8
2013-08-11,5.2,32.7,19.9
2013-08-12,0.8,31.4,19.3
2013-08-13,0.0,35.2,18.2
2013-08-14,0.0,35.9,17.0
2013-08-15,0.0,36.6,16.0
2013-08-16,0.0,36.5,18.0
2013-08-17,0.0,37.0,17.9
2013-08-18,0.0,35.7,18.0
2013-08-19,0.0,34.1,16.3
2013-08-20,0.0,32.9,15.3
2013-08-21,0.0,30.7,18.9
2013-08-22,0.0,33.3,20.7
2013-08-23,0.0,32.4,22.4
2013-08-24,0.0,32.8,19.8
2013-08-25,35.2,33.7,19.0
2013-08-26,4.2,30.1,19.5
2013-08-27,4.4,29.9,20.4
2013-08-28,0.0,32.6,18.3
2013-08-29,0.0,34.4,16.6
2013-08-30,0.0,34.5,17.3
2013-08-31,0.0,34.9,18.3
2013-09-01,0.0,35.9,16.2
2013-09-02,0.0,33.6,17.2
2013-09-03,0.6000000000000001,33.1,23.2
2013-09-04,0.2,33.4,17.0
2013-09-05,0.8,33.3,17.6
2013-09-06,3.8000000000000003,31.9,18.7
2013-09-07,0.4,32.7,17.9
2013-09-08,17.0,31.1,18.4
2013-09-09,0.0,31.2,18.7
2013-09-10,0.2,29.6,19.2
2013-09-11,14.600000000000001,31.3,20.2
2013-09-12,1.2,30.0,18.5
2013-09-13,1.0,29.1,16.8
2013-09-14,46.2,24.9,18.6
2013-09-15,38.2,22.9,19.6
2013-09-16,150.4,23.7,20.5
2013-09-17,25.400000000000002,26.9,20.5
2013-09-18,0.0,28.0,20.1
2013-09-19,0.0,28.4,20.0
2013-09-20,0.0,31.2,19.6
2013-09-21,19.6,25.1,19.7
2013-09-22,0.0,27.2,16.2
2013-09-23,0.0,30.8,14.8
2013-09-24,0.0,34.5,15.0
2013-09-25,0.0,32.6,14.2
2013-09-26,0.0,30.9,15.0
2013-09-27,0.2,30.9,17.5
2013-09-28,1.0,33.2,19.9
2013-09-29,1.2,28.8,21.0
2013-09-30,0.0,28.7,21.0
2013-10-01,0.0,,
2013-10-02,0.0,,
2013-10-03,0.0,,
2013-10-04,0.0,,
2013-10-05,0.0,,
2013-10-06,0.0,,
2013-10-07,0.0,,
2013-10-08,0.0,,
2013-10-09,0.0,,
2013-10-10,0.0,,
2013-10-11,0.0,,
2013-10-12,0.0,,
2013-10-13,0.0,,
2013-10-14,0.0,,
2013-10-15,0.0,,
2013-10-16,0.0,,
2013-10-17,0.0,,
2013-10-18,0.0,,
2013-10-19,0.0,,
2013-10-20,0.0,,
2013-10-21,0.0,,
2013-10-22,0.0,,
2013-10-23,0.0,,
2013-10-24,0.0,,
2013-10-25,0.0,,
2013-10-26,0.0,,
2013-10-27,0.0,,
2013-10-28,0.0,,
2013-10-29,0.0,,
2013-10-30,0.0,,
2013-10-31,0.0,,
2013-11-01,0.0,,
2013-11-02,0.0,,
2013-11-03,0.0,,
2013-11-04,0.0,,
2013-11-05,0.0,,
2013-11-06,0.0,,
2013-11-07,0.0,,
2013-11-08,0.0,,
2013-11-09,0.0,,
2013-11-10,0.0,,
2013-11-11,0.0,,
2013-11-12,0.0,,
2013-11-13,0.0,,
2013-11-14,0.0,,
2013-11-15,0.0,,
2013-11-16,0.0,,
2013-11-17,0.0,,
2013-11-18,0.0,,
2013-11-19,0.0,,
2013-11-20,0.0,,
2013-11-21,0.0,,
2013-11-22,0.0,,
2013-11-23,0.0,,
2013-11-24,0.0,,
2013-11-25,0.0,,
2013-11-26,0.0,,
2013-11-27,0.0,,
2013-11-28,0.0,,
2013-11-29,0.0,,
2013-11-30,0.0,,
2013-12-01,0.0,23.6,3.9
2013-12-02,0.0,29.9,6.2
2013-12-03,0.0,30.9,8.4
2013-12-04,0.0,31.8,10.1
2013-12-05,0.0,31.9,10.7
2013-12-06,0.0,20.6,6.8
2013-12-07,0.0,7.0,3.1
2013-12-08,0.0,19.6,4.0
2013-12-09,0.0,23.0,4.1
2013-12-10,0.0,15.9,8.5
2013-12-11,0.0,17.6,2.1
2013-12-12,0.0,14.7,6.0
2013-12-13,0.0,23.1,8.2
2013-12-14,0.0,22.0,8.8
2013-12-15,0.0,17.8,5.7
2013-12-16,0.0,21.4,0.5
2013-12-17,0.0,24.0,1.8
2013-12-18,0.0,21.2,3.0
2013-12-19,0.0,29.7,3.2
2013-12-20,0.0,30.0,7.6
2013-12-21,0.0,32.5,16.6
2013-12-22,0.0,26.4,13.0
2013-12-23,0.0,16.9,6.2
2013-12-24,0.0,15.4,0.8
2013-12-25,0.2,13.6,3.8
2013-12-26,11.8,12.6,8.5
2013-12-27,1.8,9.8,7.2
2013-12-28,0.4,15.2,8.0
2013-12-29,0.0,22.9,3.5
2013-12-30,14.8,16.9,7.2
2013-12-31,24.8,10.4,7.6
2016-02-01,0.0,,
2016-02-02,0.0,,
2016-02-03,0.0,,
2016-02-04,0.0,,
2016-02-05,0.0,,
2016-02-06,0.0,,
2016-02-07,0.0,,
2016-02-08,0.0,,
2016-02-09,0.0,,
2016-02-10,0.0,,
2016-02-11,0.0,,
2016-02-12,0.0,,
2016-02-13,0.0,,
2016-02-14,0.0,,
2016-02-15,0.0,,
2016-02-16,0.0,,
2016-02-17,0.0,,
2016-02-18,0.0,,
2016-02-19,0.0,,
2016-02-20,0.0,,
2016-02-21,0.0,,
2016-02-22,0.0,,
2016-02-23,0.0,,
2016-02-24,0.0,,
2016-02-25,0.6,26.7,5.9
2016-02-26,0.0,17.2,7.6
2016-02-27,0.0,17.0,12.0
2016-02-28,0.0,26.9,10.7
2016-02-29,0.0,30.5,12.1
2016-03-01,0.0,33.1,15.1
2016-03-02,5.4,27.4,14.6
2016-03-03,0.2,35.4,14.0
2016-03-04,0.0,24.3,18.1
2016-03-05,0.0,25.9,12.6
2016-03-06,0.0,25.0,17.1
2016-03-07,0.0,32.0,14.5
2016-03-08,0.0,31.7,13.6
2016-03-09,9.4,27.5,12.2
2016-03-10,2.8,19.0,9.8
2016-03-11,4.0,20.1,9.5
2016-03-12,0.0,29.3,9.0
2016-03-13,0.0,33.7,12.8
2016-03-14,0.0,35.4,13.6
2016-03-15,0.0,35.5,18.0
2016-03-16,0.0,29.2,18.2
2016-03-17,0.0,31.4,16.7
2016-03-18,0.0,31.9,16.3
2016-03-19,0.8,26.9,11.0
2016-03-20,0.2,14.6,8.7
2016-03-21,0.0,21.1,4.2
2016-03-22,0.0,30.3,6.6
2016-03-23,0.0,36.0,12.2
2016-03-24,0.0,26.5,18.4
2016-03-25,0.0,24.3,9.0
2016-03-26,0.0,24.4,11.0
2016-03-27,0.0,32.0,11.9
2016-03-28,5.800000000000001,24.1,17.3
2016-03-29,2.0,29.1,16.7
2016-03-30,0.0,30.7,15.8
2016-03-31,0.0,34.9,17.1
2016-04-01,0.0,32.4,17.7
2016-04-02,0.0,22.2,11.1
2016-04-03,0.0,25.7,8.6
2016-04-04,0.0,30.2,9.5
2016-04-05,0.0,29.1,11.6
2016-04-06,0.0,32.0,14.4
2016-04-07,0.0,27.1,15.5
2016-04-08,4.0,25.2,17.3
2016-04-09,4.0,22.5,16.9
2016-04-10,0.4,27.7,16.3
2016-04-11,0.0,33.1,15.8
2016-04-12,0.4,29.7,20.1
2016-04-13,1.6,22.2,18.6
2016-04-14,0.2,24.1,17.1
2016-04-15,0.0,22.8,16.5
2016-04-16,0.0,32.0,15.0
2016-04-17,0.0,34.3,15.4
2016-04-18,1.5999999999999999,31.3,16.1
2016-04-19,0.0,28.9,17.7
2016-04-20,7.0,26.0,16.2
2016-04-21,0.0,32.4,15.1
2016-04-22,0.0,29.1,18.1
2016-04-23,0.8,27.0,14.1
2016-04-24,9.399999999999999,32.7,15.1
2016-04-25,0.0,37.6,16.6
2016-04-26,0.0,38.2,17.7
2016-04-27,0.0,34.8,18.5
2016-04-28,0.0,34.5,17.8
2016-04-29,0.0,31.4,19.8
2016-04-30,0.0,34.4,17.3
2016-05-01,0.0,32.9,18.6
2016-05-02,8.8,29.6,15.4
2016-05-03,0.6000000000000001,20.0,14.0
2016-05-04,0.4,28.9,15.2
2016-05-05,0.0,31.8,14.9
2016-05-06,0.0,32.0,15.3
2016-05-07,0.4,28.8,15.2
2016-05-08,1.4000000000000001,31.4,16.6
2016-05-09,0.4,31.0,18.5
2016-05-10,0.0,37.8,17.1
2016-05-11,0.0,32.2,18.3
2016-05-12,0.0,32.8,18.7
2016-05-13,0.2,29.5,20.4
2016-05-14,1.6,32.3,17.3
2016-05-15,3.6,26.6,17.2
2016-05-16,27.2,33.8,16.3
2016-05-17,24.800000000000004,33.7,18.3
2016-05-18,24.799999999999997,24.4,18.9
2016-05-19,0.0,27.9,20.0
2016-05-20,4.199999999999999,24.3,19.5
2016-05-21,0.4,28.0,18.7
2016-05-22,0.0,30.2,22.2
2016-05-23,0.2,32.8,20.5
2016-05-24,0.2,33.4,22.0
2016-05-25,3.0,32.4,20.3
2016-05-26,0.4,35.0,18.9
2016-05-27,13.0,35.1,19.1
2016-05-28,0.0,30.8,18.4
2016-05-29,0.0,28.4,18.4
2016-05-30,0.2,29.5,20.0
2016-05-31,2.8,31.6,19.4
2016-06-01,2.0,31.8,18.6
2016-06-02,4.2,29.2,18.3
2016-06-03,0.0,30.3,17.3
2016-06-04,11.4,27.4,18.8
2016-06-05,11.000000000000002,28.3,18.3
2016-06-06,0.0,31.5,15.6
2016-06-07,0.0,33.1,16.0
2016-06-08,0.0,31.9,16.7
2016-06-09,0.0,30.0,18.4
2016-06-10,0.0,30.1,19.1
2016-06-11,0.0,29.2,20.6
2016-06-12,0.0,33.7,21.4
2016-06-13,0.0,34.4,20.4
2016-06-14,0.0,36.1,20.2
2016-06-15,0.0,34.2,18.4
2016-06-16,0.0,36.4,20.6
2016-06-17,0.0,34.8,21.5
2016-06-18,0.0,35.7,21.1
2016-06-19,0.0,33.2,19.0
2016-06-20,2.2,29.8,17.1
2016-06-21,0.8,31.7,18.1
2016-06-22,0.0,27.5,18.9
2016-06-23,0.0,,
2016-06-24,0.0,,
2016-06-25,0.0,,
2016-06-26,0.0,,
2016-06-27,0.0,,
2016-06-28,0.0,,
2016-06-29,0.0,,
2016-06-30,0.0,,
2016-08-01,0.0,,
2016-08-02,0.0,,
2016-08-03,0.0,,
2016-08-04,0.0,,
2016-08-05,0.0,,
2016-08-06,0.0,,
2016-08-07,0.0,,
2016-08-08,0.0,,
2016-08-09,0.0,,
2016-08-10,0.0,,
2016-08-11,0.0,,
2016-08-12,0.0,,
2016-08-13,0.0,,
2016-08-14,0.0,,
2016-08-15,0.0,,
2016-08-16,0.0,,
2016-08-17,0.0,,
2016-08-18,0.0,,
2016-08-19,0.0,,
2016-08-20,0.0,,
2016-08-21,0.0,,
2016-08-22,0.0,,
2016-08-23,0.6,32.8,28.6
2016-08-24,0.0,32.6,18.1
2016-08-25,0.0,32.3,17.7
2016-08-26,0.0,31.3,17.5
2016-08-27,17.6,31.6,19.3
2016-08-28,9.4,32.6,19.0
2016-08-29,4.6,28.4,19.4
2016-08-30,38.2,27.9,21.0
2016-08-31,18.2,28.7,20.6
2016-09-01,12.4,30.1,20.3
2016-09-02,0.8,30.2,19.3
2016-09-03,0.0,30.6,19.9
2016-09-04,11.4,28.9,19.2
2016-09-05,0.0,28.1,18.0
2016-09-06,0.0,31.2,19.2
2016-09-07,0.0,31.7,21.2
2016-09-08,0.0,32.9,17.8
2016-09-09,0.0,31.2,16.8
2016-09-10,0.0,25.3,24.8
2016-09-11,0.0,31.2,18.9
2016-09-12,0.0,32.9,18.6
2016-09-13,0.0,32.9,20.4
2016-09-14,0.0,31.4,19.3
2016-09-15,0.0,31.6,19.5
2016-09-16,12.0,30.2,19.9
2016-09-17,0.0,32.5,19.8
2016-09-18,0.0,34.2,19.5
2016-09-19,0.0,34.3,19.6
2016-09-20,0.0,33.4,19.7
2016-09-21,0.0,33.1,18.1
2016-09-22,0.0,31.8,18.0
2016-09-23,0.0,30.3,17.8
2016-09-24,0.0,32.4,18.8
2016-09-25,0.0,31.9,20.6
2016-09-26,75.6,26.8,19.5
2016-09-27,41.800000000000004,25.2,17.1
2016-09-28,3.6,23.6,18.0
2016-09-29,2.2,23.8,18.3
2016-09-30,2.8,25.5,18.3
2016-10-01,0.4,23.8,18.2
2016-10-02,5.0,22.8,19.0
2016-10-03,0.0,29.2,16.6
2016-10-04,0.2,32.5,16.3
2016-10-05,0.0,33.1,17.5
2016-10-06,0.0,30.4,18.2
2016-10-07,0.0,29.3,19.3
2016-10-08,72.8,24.4,17.0
2016-10-09,0.8,26.5,18.9
2016-10-10,0.0,24.5,16.4
2016-10-11,0.0,28.1,15.6
2016-10-12,0.0,30.8,16.3
2016-10-13,0.0,29.7,16.5
2016-10-14,0.0,30.0,18.2
2016-10-15,0.0,28.7,16.5
2016-10-16,0.0,30.6,17.0
2016-10-17,0.0,31.3,16.4
2016-10-18,0.0,32.7,15.6
2016-10-19,0.0,30.9,16.1
2016-10-20,17.400000000000002,28.8,17.2
2016-10-21,57.60000000000001,22.9,13.4
2016-10-22,0.0,23.5,10.6
2016-10-23,0.6000000000000001,26.0,13.7
2016-10-24,0.4,24.0,15.3
2016-10-25,0.0,23.6,17.4
2016-10-26,0.0,25.5,16.1
2016-10-27,0.0,27.5,15.1
2016-10-28,0.0,26.9,13.3
2016-10-29,0.0,27.4,13.3
2016-10-30,0.0,27.8,14.6
2016-10-31,0.0,28.5,14.6
2016-11-01,0.0,29.7,16.0
2016-11-02,0.0,28.6,16.5
2016-11-03,0.4,26.2,20.5
2016-11-04,37.6,23.2,17.7
2016-11-05,0.4,22.5,16.7
2016-11-06,1.0,21.8,17.2
2016-11-07,0.4,25.1,16.0
2016-11-08,8.799999999999999,22.9,15.4
2016-11-09,19.8,18.9,14.3
2016-11-10,0.4,19.2,12.3
2016-11-11,13.600000000000001,16.6,14.1
2016-11-12,6.8,16.1,14.2
2016-11-13,7.2,15.5,13.6
2016-11-14,0.2,20.3,12.6
2016-11-15,0.2,25.8,11.8
2016-11-16,0.0,26.8,11.2
2016-11-17,0.0,26.5,11.6
2016-11-18,0.0,28.6,12.9
2016-11-19,0.2,22.4,10.6
2016-11-20,0.0,21.5,4.8
2016-11-21,0.0,23.9,8.5
2016-11-22,0.0,27.0,10.6
2016-11-23,0.0,22.1,13.3
2016-11-24,0.0,21.7,13.0
2016-11-25,0.0,22.7,14.0
2016-11-26,5.6000000000000005,19.3,14.9
2016-11-27,0.0,24.4,17.2
2016-11-28,0.2,29.4,12.9
2016-11-29,0.0,29.5,14.5
2016-11-30,0.0,20.6,9.3
2016-12-01,0.0,22.2,7.9
2016-12-02,0.6000000000000001,22.4,11.2
2016-12-03,4.8,20.6,15.4
2016-12-04,7.6,17.1,10.2
2016-12-05,4.8,20.3,9.1
2016-12-06,0.0,23.7,8.5
2016-12-07,0.0,21.9,9.3
2016-12-08,4.800000000000001,14.6,7.4
2016-12-09,3.6,7.3,2.8
2016-12-10,0.6000000000000001,12.6,5.3
2016-12-11,0.2,22.7,8.6
2016-12-12,0.0,23.8,11.7
2016-12-13,0.0,25.4,11.2
2016-12-14,0.0,23.8,10.8
2016-12-15,0.2,16.4,11.7
2016-12-16,0.0,25.0,11.9
2016-12-17,0.0,28.3,14.5
2016-12-18,0.0,19.4,7.4
2016-12-19,0.0,10.5,2.2
2016-12-20,0.0,16.5,0.6
2016-12-21,0.0,22.3,5.8
2016-12-22,0.0,20.2,11.7
2016-12-23,1.8,21.2,13.4
2016-12-24,0.2,24.1,13.3
2016-12-25,0.0,26.1,14.2
2016-12-26,0.2,24.1,13.0
2016-12-27,0.0,20.4,15.7
2016-12-28,0.0,25.9,14.4
2016-12-29,26.200000000000003,24.3,13.0
2016-12-30,0.8,16.1,6.2
2016-12-31,0.0,23.0,7.3
2017-01-01,0.0,25.8,14.5
2017-01-02,0.0,26.1,12.9
2017-01-03,0.0,24.9,11.6
2017-01-04,0.0,20.2,11.8
2017-01-05,0.2,25.0,9.3
2017-01-06,1.0,16.0,4.1
2017-01-07,1.6,7.1,-1.5
2017-01-08,0.0,13.1,-2.8
2017-01-09,0.0,20.9,2.4
2017-01-10,0.0,26.3,8.3
2017-01-11,0.0,25.7,10.7
2017-01-12,0.0,25.4,9.2
2017-01-13,0.0,24.0,11.3
2017-01-14,2.0,21.9,16.1
2017-01-15,0.0,25.3,12.8
2017-01-16,0.0,20.7,11.6
2017-01-17,0.0,19.5,15.2
2017-01-18,0.4,18.1,13.6
2017-01-19,1.4000000000000001,23.9,10.8
2017-01-20,0.0,28.0,11.2
2017-01-21,0.0,30.1,11.6
2017-01-22,0.0,28.7,8.5
2017-01-23,0.0,25.0,7.7
2017-01-24,0.0,33.3,12.4
2017-01-25,0.0,26.5,15.5
2017-01-26,0.0,19.3,5.8
2017-01-27,3.2,14.9,5.6
2017-01-28,24.200000000000003,10.4,4.4
2017-01-29,0.0,17.6,3.2
2017-01-30,0.0,21.5,5.3
2017-01-31,0.0,26.0,8.2
2017-02-01,0.0,29.1,10.4
2017-02-02,0.0,28.8,12.8
2017-02-03,0.2,20.9,14.3
2017-02-04,3.0,15.6,11.7
2017-02-05,0.0,25.4,11.5
2017-02-06,0.2,28.8,12.4
2017-02-07,0.0,33.5,13.6
2017-02-08,0.0,33.6,14.0
2017-02-09,0.0,26.7,11.9
2017-02-10,0.0,27.6,9.4
2017-02-11,0.0,33.7,13.0
2017-02-12,0.0,30.4,13.1
2017-02-13,0.0,25.6,18.3
2017-02-14,0.0,23.4,15.0
2017-02-15,0.0,18.2,9.3
2017-02-16,0.0,20.1,6.6
2017-02-17,0.8,26.7,7.6
2017-02-18,0.0,31.8,11.9
2017-02-19,0.0,32.3,12.6
2017-02-20,0.0,26.0,12.7
2017-02-21,0.0,29.8,12.8
2017-02-22,0.0,34.2,12.8
2017-02-23,0.0,36.2,15.3
2017-02-24,0.0,33.4,18.5
2017-02-25,0.0,26.4,13.2
2017-02-26,0.0,28.2,13.3
2017-02-27,0.0,35.1,13.4
2017-02-28,0.0,34.2,14.9
2017-03-01,0.0,30.7,16.9
2017-03-02,0.0,21.5,12.2
2017-03-03,0.0,17.3,9.7
2017-03-04,21.200000000000003,14.6,11.9
2017-03-05,0.0,26.2,11.4
2017-03-06,0.0,31.3,12.4
2017-03-07,0.0,28.3,14.3
2017-03-08,12.0,23.8,17.1
2017-03-09,31.0,24.0,14.8
2017-03-10,0.0,25.3,14.4
2017-03-11,10.399999999999999,24.1,14.2
2017-03-12,6.2,18.8,14.9
2017-03-13,1.2000000000000002,27.2,10.7
2017-03-14,0.4,17.7,12.8
2017-03-15,0.2,24.3,10.1
2017-03-16,0.0,27.1,12.1
2017-03-17,0.0,21.8,12.2
2017-03-18,0.0,,
2017-03-19,0.0,,
2017-03-20,0.0,,
2017-03-21,0.0,,
2017-03-22,0.0,,
2017-03-23,0.0,,
2017-03-24,0.0,,
2017-03-25,0.0,,
2017-03-26,0.0,,
2017-03-27,0.0,,
2017-03-28,0.0,,
2017-03-29,0.0,,
2017-03-30,0.0,,
2017-03-31,0.0,,
2018-02-01,0.0,,
2018-02-02,0.0,,
2018-02-03,0.0,,
2018-02-04,0.0,,
2018-02-05,0.0,,
2018-02-06,0.0,,
2018-02-07,0.0,,
2018-02-08,0.0,,
2018-02-09,0.0,,
2018-02-10,0.0,,
2018-02-11,0.0,,
2018-02-12,0.0,,
2018-02-13,0.0,,
2018-02-14,0.0,,
2018-02-15,0.0,,
2018-02-16,0.0,,
2018-02-17,0.0,,
2018-02-18,0.0,,
2018-02-19,0.0,,
2018-02-20,0.0,,
2018-02-21,0.0,,
2018-02-22,0.0,,
2018-02-23,0.0,25.0,16.6
2018-02-24,1.2,31.7,14.6
2018-02-25,0.0,26.2,16.1
2018-02-26,23.0,20.6,15.7
2018-02-27,2.4000000000000004,27.5,15.8
2018-02-28,0.0,32.0,16.2
2018-03-01,0.0,25.5,15.2
2018-03-02,0.0,23.7,9.2
2018-03-03,0.0,26.0,11.6
2018-03-04,0.0,29.1,14.5
2018-03-05,0.0,31.2,14.0
2018-03-06,0.0,26.7,17.3
2018-03-07,0.0,19.7,11.0
2018-03-08,0.0,17.4,6.4
2018-03-09,0.0,25.6,9.1
2018-03-10,0.0,34.2,12.4
2018-03-11,0.0,32.5,16.4
2018-03-12,0.0,24.7,12.8
2018-03-13,0.0,21.7,6.1
2018-03-14,3.0000000000000004,17.0,11.6
2018-03-15,1.4,23.9,12.0
2018-03-16,0.0,32.2,12.7
2018-03-17,0.0,34.6,13.6
2018-03-18,0.0,36.1,15.5
2018-03-19,0.0,32.4,16.1
2018-03-20,0.0,25.7,12.6
2018-03-21,0.0,21.8,10.3
2018-03-22,0.0,22.4,13.2
2018-03-23,0.0,29.4,13.6
2018-03-24,0.0,32.0,14.6
2018-03-25,0.0,34.9,16.4
2018-03-26,0.0,32.5,15.8
2018-03-27,0.0,31.4,15.8
2018-03-28,0.0,29.0,18.1
2018-03-29,0.6000000000000001,31.2,13.3
2018-03-30,0.0,28.6,13.1
2018-03-31,0.0,29.9,10.0
2018-04-01,0.0,33.3,12.3
2018-04-02,0.0,34.4,14.6
2018-04-03,0.0,32.6,14.9
2018-04-04,7.0,27.0,13.6
2018-04-05,1.8,26.8,12.1
2018-04-06,0.0,34.3,12.6
2018-04-07,0.0,29.2,16.9
2018-04-08,0.0,28.4,13.7
2018-04-09,0.0,30.6,13.0
2018-04-10,6.0,24.3,14.3
2018-04-11,3.6,18.6,13.6
2018-04-12,0.0,32.6,13.1
2018-04-13,0.0,38.5,15.3
2018-04-14,0.0,25.7,12.3
2018-04-15,0.0,28.2,8.7
2018-04-16,0.0,29.9,8.9
2018-04-17,0.0,34.1,11.2
2018-04-18,0.0,33.7,14.6
2018-04-19,37.0,28.4,17.7
2018-04-20,19.4,23.1,16.9
2018-04-21,0.2,28.4,17.4
2018-04-22,0.0,24.4,17.7
2018-04-23,7.0,22.3,17.1
2018-04-24,0.4,25.6,16.8
2018-04-25,1.0,25.7,18.3
2018-04-26,0.6000000000000001,22.8,14.9
2018-04-27,0.0,25.4,14.1
2018-04-28,19.8,22.4,14.6
2018-04-29,0.8,18.9,15.2
2018-04-30,2.4,27.0,14.6
2018-05-01,0.0,30.9,17.3
2018-05-02,0.0,32.8,19.8
2018-05-03,0.0,33.4,19.2
2018-05-04,3.2,25.1,19.0
2018-05-05,17.8,21.0,17.4
2018-05-06,1.2000000000000002,27.9,17.0
2018-05-07,0.0,26.6,15.7
2018-05-08,0.0,29.3,12.7
2018-05-09,0.0,28.9,13.8
2018-05-10,0.0,27.7,16.3
2018-05-11,0.0,30.2,15.0
2018-05-12,0.0,31.3,15.8
2018-05-13,0.0,29.1,19.2
2018-05-14,0.0,29.8,20.9
2018-05-15,0.0,33.3,18.0
2018-05-16,0.0,33.4,18.4
2018-05-17,0.0,34.4,16.8
2018-05-18,0.0,33.0,16.2
2018-05-19,0.0,31.1,16.9
2018-05-20,0.2,27.2,21.5
2018-05-21,7.4,27.6,17.1
2018-05-22,3.0,27.4,20.9
2018-05-23,3.4000000000000004,25.7,20.7
2018-05-24,0.2,30.4,19.6
2018-05-25,0.0,32.5,18.2
2018-05-26,0.0,35.8,17.2
2018-05-27,0.0,36.5,17.7
2018-05-28,0.0,35.3,17.7
2018-05-29,0.0,35.1,17.7
2018-05-30,0.0,34.3,18.9
2018-05-31,0.0,33.2,19.2
2018-06-01,0.0,34.9,17.7
2018-06-02,0.0,36.6,17.8
2018-06-03,0.0,35.5,18.5
2018-06-04,0.0,34.9,18.1
2018-06-05,0.0,37.7,17.8
2018-06-06,0.0,37.1,18.4
2018-06-07,0.0,34.4,19.8
2018-06-08,0.0,33.7,22.4
2018-06-09,0.0,33.5,18.2
2018-06-10,0.0,34.8,18.5
2018-06-11,0.0,34.7,21.7
2018-06-12,0.0,33.4,20.0
2018-06-13,0.0,32.0,19.2
2018-06-14,0.0,32.4,17.2
2018-06-15,0.0,33.4,19.3
2018-06-16,0.0,33.6,22.6
2018-06-17,0.0,32.5,22.5
2018-06-18,0.0,34.0,19.4
2018-06-19,2.0,34.0,20.0
2018-06-20,0.0,31.8,20.4
2018-06-21,46.8,29.6,21.3
2018-06-22,18.8,26.5,20.5
2018-06-23,0.0,35.8,19.6
2018-06-24,0.0,32.9,18.1
2018-06-25,6.000000000000001,31.5,21.9
2018-06-26,0.4,29.6,19.4
2018-06-27,0.0,32.0,18.8
2018-06-28,0.0,33.9,19.6
2018-06-29,0.0,35.0,19.6
2018-06-30,0.0,35.0,19.2
2018-07-01,0.0,34.9,19.3
2018-07-02,0.0,33.9,18.6
2018-07-03,0.0,34.5,18.7
2018-07-04,0.0,34.6,19.5
2018-07-05,1.4,31.4,20.4
2018-07-06,3.6000000000000005,32.8,18.1
2018-07-07,43.4,29.3,18.3
2018-07-08,2.0,29.4,18.1
2018-07-09,0.0,31.0,19.1
2018-07-10,0.0,31.6,16.5
2018-07-11,0.0,32.5,17.1
2018-07-12,0.0,33.4,17.3
2018-07-13,0.0,33.7,17.8
2018-07-14,0.0,32.3,18.1
2018-07-15,0.0,34.8,18.4
2018-07-16,0.0,35.2,18.6
2018-07-17,0.0,34.9,17.4
2018-07-18,0.0,37.2,18.6
2018-07-19,0.0,36.1,18.1
2018-07-20,0.0,35.8,18.7
2018-07-21,0.0,36.0,19.2
2018-07-22,0.0,37.1,18.6
2018-07-23,0.0,39.3,19.1
2018-07-24,0.0,40.1,21.2
2018-07-25,0.0,36.3,22.4
2018-07-26,0.0,34.3,21.1
2018-07-27,0.0,34.6,22.6
2018-07-28,0.0,35.6,20.5
2018-07-29,0.0,37.1,20.3
2018-07-30,0.0,36.9,20.6
2018-07-31,0.0,35.0,20.1
2018-08-01,18.4,34.7,19.8
2018-08-02,0.0,35.1,17.8
2018-08-03,0.0,35.3,17.4
2018-08-04,0.0,33.9,17.7
2018-08-05,0.0,30.1,18.4
2018-08-06,0.0,33.0,19.7
2018-08-07,0.0,34.2,19.7
2018-08-08,0.0,36.3,18.6
2018-08-09,0.4,34.4,18.6
2018-08-10,0.0,36.0,18.2
2018-08-11,0.0,34.0,19.1
2018-08-12,4.6,30.9,19.2
2018-08-13,0.0,32.4,20.0
2018-08-14,0.0,35.7,18.3
2018-08-15,0.0,36.0,18.6
2018-08-16,0.0,36.0,19.9
2018-08-17,0.0,37.3,18.9
2018-08-18,0.0,36.4,19.6
2018-08-19,0.0,38.0,19.7
2018-08-20,0.0,36.2,20.5
2018-08-21,0.0,34.9,20.3
2018-08-22,0.0,35.7,18.7
2018-08-23,0.0,36.9,18.3
2018-08-24,0.0,37.0,19.2
2018-08-25,0.0,35.9,19.3
2018-08-26,0.0,35.9,21.1
2018-08-27,0.0,37.1,19.1
2018-08-28,0.0,36.8,18.7
2018-08-29,0.0,35.2,18.8
2018-08-30,9.0,34.9,21.2
2018-08-31,0.2,35.3,18.9
2018-09-01,0.2,35.1,19.3
2018-09-02,25.799999999999997,35.4,20.2
2018-09-03,0.0,32.6,19.4
2018-09-04,0.8,30.7,22.1
2018-09-05,0.4,33.1,19.6
2018-09-06,37.800000000000004,30.7,19.5
2018-09-07,30.199999999999996,29.5,20.8
2018-09-08,0.8,29.5,19.8
2018-09-09,17.0,25.4,20.3
2018-09-10,72.60000000000001,28.9,20.0
2018-09-11,32.0,26.3,20.0
2018-09-12,4.8,29.2,20.2
2018-09-13,2.6000000000000005,30.8,18.4
2018-09-14,50.400000000000006,30.3,19.7
2018-09-15,38.6,30.4,19.3
2018-09-16,0.0,26.8,19.8
2018-09-17,1.8000000000000003,26.0,21.3
2018-09-18,0.0,29.0,20.9
2018-09-19,0.0,25.8,18.8
2018-09-20,0.2,29.0,19.9
2018-09-21,0.0,32.9,19.3
2018-09-22,22.599999999999998,27.9,20.5
2018-09-23,3.0,25.1,19.2
2018-09-24,0.0,29.8,18.6
2018-09-25,0.0,33.0,18.8
2018-09-26,0.0,30.8,20.1
2018-09-27,114.0,26.1,19.4
2018-09-28,14.399999999999999,24.0,19.4
2018-09-29,4.6000000000000005,26.5,19.0
2018-09-30,61.0,25.2,17.9
2018-10-01,2.4000000000000004,27.4,19.2
2018-10-02,3.4,28.4,18.7
2018-10-03,0.0,29.7,17.2
2018-10-04,0.0,28.0,17.1
2018-10-05,0.0,29.3,16.9
2018-10-06,0.0,27.8,18.1
2018-10-07,0.0,26.8,18.3
2018-10-08,4.6,27.9,19.0
2018-10-09,0.2,33.0,17.4
2018-10-10,0.0,29.5,19.5
2018-10-11,0.2,26.7,18.9
2018-10-12,0.0,26.7,20.2
2018-10-13,0.0,30.7,19.4
2018-10-14,0.0,27.9,19.1
2018-10-15,5.800000000000001,24.6,10.4
2018-10-16,1.8000000000000003,10.4,7.2
2018-10-17,0.2,14.1,8.6
2018-10-18,6.199999999999999,15.5,12.0
2018-10-19,1.8,19.5,13.5
2018-10-20,16.0,19.6,16.6
2018-10-21,32.800000000000004,18.4,15.0
2018-10-22,3.4,15.3,12.8
2018-10-23,3.4,15.6,12.6
2018-10-24,2.4,18.5,13.1
2018-10-25,0.0,26.6,13.1
2018-10-26,0.0,21.1,16.5
2018-10-27,0.0,26.2,13.6
2018-10-28,0.0,27.3,12.7
2018-10-29,0.2,28.4,13.5
2018-10-30,0.0,31.5,14.2
2018-10-31,0.0,31.4,14.8
2018-11-01,0.0,21.8,15.9
2018-11-02,0.0,18.4,14.3
2018-11-03,0.0,27.9,10.9
2018-11-04,0.0,27.0,13.7
2018-11-05,0.0,31.0,14.7
2018-11-06,0.0,31.8,16.5
2018-11-07,0.0,32.6,17.2
2018-11-08,0.0,25.2,18.3
2018-11-09,7.6,22.8,11.8
2018-11-10,5.2,11.8,7.2
2018-11-11,1.2000000000000002,21.0,8.9
2018-11-12,1.4000000000000001,18.1,11.6
2018-11-13,3.4,12.2,2.5
2018-11-14,0.2,16.0,-1.0
2018-11-15,0.0,18.4,1.9
2018-11-16,0.0,21.5,3.8
2018-11-17,0.0,22.9,6.6
2018-11-18,0.0,20.9,10.4
2018-11-19,5.000000000000001,16.5,11.4
2018-11-20,0.4,12.9,11.1
2018-11-21,2.0,12.1,9.2
2018-11-22,1.5999999999999999,14.7,10.4
2018-11-23,0.0,24.1,9.4
2018-11-24,0.0,23.5,11.0
2018-11-25,0.0,27.5,12.3
2018-11-26,0.0,17.5,5.9
2018-11-27,0.0,19.0,4.8
2018-11-28,0.0,16.8,8.4
2018-11-29,0.0,26.8,12.5
2018-11-30,0.0,27.0,12.9
2018-12-01,0.0,27.1,13.6
2018-12-02,0.0,26.3,11.1
2018-12-03,0.0,22.0,11.2
2018-12-04,3.2,17.7,11.7
2018-12-05,15.4,12.5,11.0
2018-12-06,1.2000000000000002,22.7,11.0
2018-12-07,0.4,17.1,13.2
2018-12-08,13.399999999999999,15.8,12.6
2018-12-09,0.6000000000000001,13.2,8.4
2018-12-10,1.2,16.2,8.5
2018-12-11,0.0,16.5,7.6
2018-12-12,0.0,24.1,8.9
2018-12-13,1.5999999999999999,27.1,10.8
2018-12-14,0.0,19.4,6.8
2018-12-15,0.0,19.0,3.4
2018-12-16,0.0,20.3,4.1
2018-12-17,0.0,22.8,7.4
2018-12-18,0.0,20.3,6.3
2018-12-19,0.0,25.5,7.5
2018-12-20,0.0,22.5,11.3
2018-12-21,0.0,19.5,4.7
2018-12-22,0.0,25.1,8.0
2018-12-23,0.0,26.2,10.2
2018-12-24,0.0,22.4,8.7
2018-12-25,0.0,24.0,9.0
2018-12-26,0.0,25.2,12.1
2018-12-27,0.0,24.1,10.3
2018-12-28,0.0,23.2,7.7
2018-12-29,4.6,14.6,7.8
2018-12-30,1.6,7.7,4.8
2018-12-31,0.2,17.1,5.0
2019-01-01,0.0,17.5,5.7
2019-01-02,0.6000000000000001,12.2,8.1
2019-01-03,0.6000000000000001,17.2,4.3
2019-01-04,0.2,22.6,6.0
2019-01-05,0.0,22.1,7.1
2019-01-06,0.0,22.9,8.4
2019-01-07,0.0,27.9,12.0
2019-01-08,0.0,25.3,12.6
2019-01-09,22.400000000000006,19.4,11.8
2019-01-10,13.2,12.5,10.6
2019-01-11,0.2,20.7,11.1
2019-01-12,0.2,24.6,10.2
2019-01-13,0.0,17.0,8.5
2019-01-14,8.4,10.1,7.9
2019-01-15,0.8,11.0,8.2
2019-01-16,0.0,20.7,10.0
2019-01-17,0.0,23.1,8.2
2019-01-18,0.2,28.4,12.5
2019-01-19,0.0,21.3,9.8
2019-01-20,0.0,20.0,3.3
2019-01-21,0.0,22.5,3.7
2019-01-22,0.0,27.6,7.1
2019-01-23,0.0,20.0,8.2
2019-01-24,0.0,21.2,2.0
2019-01-25,0.0,14.6,5.2
2019-01-26,11.0,13.3,11.1
2019-01-27,3.0,21.8,8.2
2019-01-28,0.0,25.4,5.6
2019-01-29,0.0,16.0,4.0
2019-01-30,0.0,16.6,2.2
2019-01-31,0.0,21.5,5.0
2019-02-01,0.0,22.8,7.9
2019-02-02,0.0,22.8,11.9
2019-02-03,0.0,26.0,9.0
2019-02-04,0.0,25.0,12.5
2019-02-05,0.0,28.8,13.8
2019-02-06,0.0,30.3,14.7
2019-02-07,0.0,31.7,14.4
2019-02-08,2.2,22.1,7.4
2019-02-09,0.0,8.2,3.9
2019-02-10,0.4,17.3,5.4
2019-02-11,0.0,26.7,7.3
2019-02-12,2.6,19.6,10.3
2019-02-13,0.0,21.3,4.7
2019-02-14,0.0,30.6,7.9
2019-02-15,0.0,36.1,14.1
2019-02-16,0.0,36.3,17.3
2019-02-17,0.0,26.6,16.6
2019-02-18,0.6000000000000001,20.5,11.1
2019-02-19,0.0,19.0,10.5
2019-02-20,1.0,18.3,8.3
2019-02-21,0.0,23.9,5.5
2019-02-22,0.0,27.1,8.6
2019-02-23,0.0,28.6,12.5
2019-02-24,0.0,21.3,8.5
2019-02-25,0.0,22.7,7.5
2019-02-26,0.0,27.8,9.6
2019-02-27,0.0,30.1,13.1
2019-02-28,0.0,24.8,15.8
2019-03-01,0.0,30.1,14.9
2019-03-02,0.0,30.5,14.2
2019-03-03,0.0,30.9,16.9
2019-03-04,14.6,22.0,3.9
2019-03-05,3.6,4.4,2.5
2019-03-06,0.0,6.7,3.4
2019-03-07,0.0,26.9,3.7
2019-03-08,0.0,31.8,11.9
2019-03-09,0.0,35.9,13.3
2019-03-10,0.0,33.4,15.4
2019-03-11,0.0,24.2,16.3
2019-03-12,0.4,26.2,19.0
2019-03-13,0.0,33.2,14.6
2019-03-14,0.0,28.6,15.7
2019-03-15,3.8,20.6,8.4
2019-03-16,4.0,12.5,6.0
2019-03-17,0.0,17.2,5.4
2019-03-18,14.8,13.1,8.1
2019-03-19,1.4000000000000001,15.7,7.6
2019-03-20,0.0,16.1,11.3
2019-03-21,8.6,15.7,11.3
2019-03-22,5.000000000000001,17.5,14.1
2019-03-23,0.6000000000000001,27.0,14.4
2019-03-24,0.0,29.8,12.9
2019-03-25,0.0,28.1,15.5
2019-03-26,27.0,22.8,17.4
2019-03-27,24.2,24.6,16.6
2019-03-28,1.2,20.9,16.5
2019-03-29,0.0,25.7,15.3
2019-03-30,0.2,29.3,12.6
2019-03-31,24.6,22.7,6.4
2019-04-01,1.2000000000000002,14.2,6.3
2019-04-02,0.0,15.3,6.9
2019-04-03,0.0,25.5,9.7
2019-04-04,0.0,32.5,11.6
2019-04-05,0.0,29.7,14.8
2019-04-06,0.0,34.3,13.8
2019-04-07,0.0,30.5,15.3
2019-04-08,0.0,32.6,13.9
2019-04-09,0.0,34.2,14.0
2019-04-10,0.0,37.9,15.2
2019-04-11,0.0,33.3,17.9
2019-04-12,0.0,30.1,13.9
2019-04-13,0.0,34.1,12.2
2019-04-14,0.0,25.7,8.0
2019-04-15,0.0,27.3,9.0
2019-04-16,0.0,28.9,11.8
2019-04-17,0.0,35.4,15.2
2019-04-18,0.0,32.9,15.1
2019-04-19,0.0,32.2,11.9
2019-04-20,0.0,31.2,12.8
2019-04-21,0.0,32.3,12.6
2019-04-22,0.0,27.5,13.5
2019-04-23,0.0,24.6,17.0
2019-04-24,0.0,32.5,16.2
2019-04-25,0.0,34.8,14.5
2019-04-26,0.0,32.0,15.8
2019-04-27,0.0,31.9,13.6
2019-04-28,0.0,31.1,14.3
2019-04-29,0.0,28.2,16.8
2019-04-30,0.0,31.6,17.9
2019-05-01,0.0,37.3,15.9
2019-05-02,0.0,31.1,19.5
2019-05-03,2.8,28.3,21.1
2019-05-04,0.0,27.0,17.2
2019-05-05,1.5999999999999999,25.8,16.1
2019-05-06,0.4,27.1,18.6
2019-05-07,1.0,28.4,19.0
2019-05-08,0.0,39.2,19.3
2019-05-09,0.0,33.0,20.0
2019-05-10,0.8,27.8,16.9
2019-05-11,3.0000000000000004,21.3,17.1
2019-05-12,0.8,24.4,16.7
2019-05-13,0.2,28.3,18.6
2019-05-14,8.4,25.9,19.4
2019-05-15,3.0,23.8,16.7
2019-05-16,0.0,25.7,17.6
2019-05-17,0.0,32.2,19.1
2019-05-18,0.0,36.8,19.2
2019-05-19,0.0,32.8,19.1
2019-05-20,0.0,33.8,22.9
2019-05-21,0.0,35.8,17.3
2019-05-22,0.0,35.7,19.1
2019-05-23,0.0,33.7,23.2
2019-05-24,0.0,30.2,23.1
2019-05-25,0.0,32.5,22.4
2019-05-26,0.0,32.2,21.5
2019-05-27,0.0,33.4,20.9
2019-05-28,0.0,34.6,18.4
2019-05-29,0.0,35.4,19.2
2019-05-30,0.2,31.6,20.9
2019-05-31,26.4,31.3,22.0
2019-06-01,3.4000000000000004,30.5,21.9
2019-06-02,0.0,32.4,20.6
2019-06-03,0.0,32.8,20.6
2019-06-04,4.8,31.2,19.2
2019-06-05,1.2000000000000002,35.0,20.8
2019-06-06,9.399999999999999,35.7,18.4
2019-06-07,0.0,38.8,21.2
2019-06-08,0.0,40.9,20.9
2019-06-09,0.0,40.2,20.1
2019-06-10,17.200000000000003,36.5,20.9
2019-06-11,14.6,27.8,19.1
2019-06-12,3.0,30.8,19.9
2019-06-13,0.0,31.5,18.6
2019-06-14,0.0,33.1,19.2
2019-06-15,0.0,33.8,18.2
2019-06-16,0.0,34.4,18.9
2019-06-17,0.0,33.8,19.3
2019-06-18,0.0,34.3,18.9
2019-06-19,0.0,37.7,21.7
2019-06-20,0.0,38.1,22.4
2019-06-21,1.6,36.1,21.4
2019-06-22,2.2,35.2,20.1
2019-06-23,0.0,37.1,18.5
2019-06-24,0.0,33.3,22.8
2019-06-25,3.8000000000000003,31.1,18.8
2019-06-26,0.0,30.6,19.9
2019-06-27,0.2,32.5,19.4
2019-06-28,9.0,32.3,18.6
2019-06-29,0.0,32.9,16.9
2019-06-30,0.0,34.7,17.1
2019-07-01,0.0,33.5,17.2
2019-07-02,0.0,31.7,18.8
2019-07-03,0.6000000000000001,33.2,19.5
2019-07-04,1.2,34.9,19.5
2019-07-05,0.0,34.7,19.0
2019-07-06,0.0,34.2,18.8
2019-07-07,0.0,34.1,19.7
2019-07-08,4.2,37.4,19.8
2019-07-09,0.0,38.3,18.7
2019-07-10,0.0,37.9,19.8
2019-07-11,4.8,37.0,20.9
2019-07-12,3.4000000000000004,32.8,18.8
2019-07-13,25.200000000000003,34.8,19.1
2019-07-14,0.0,36.1,20.1
2019-07-15,0.4,35.0,20.9
2019-07-16,0.0,34.4,19.7
2019-07-17,0.0,35.4,19.7
2019-07-18,0.0,35.5,18.5
2019-07-19,0.0,35.9,18.1
2019-07-20,0.0,35.4,18.1
2019-07-21,0.0,37.4,17.3
2019-07-22,0.0,35.4,19.8
2019-07-23,0.0,33.4,19.3
2019-07-24,30.4,27.5,19.1
2019-07-25,0.0,31.5,17.0
2019-07-26,0.0,31.5,16.7
2019-07-27,0.0,31.8,18.7
2019-07-28,0.0,34.0,19.0
2019-07-29,0.0,34.6,18.2
2019-07-30,0.0,34.7,18.5
2019-07-31,0.0,35.5,18.1
2019-08-01,0.0,36.2,19.4
2019-08-02,0.0,35.7,19.7
2019-08-03,0.0,35.9,19.7
2019-08-04,0.0,36.7,21.4
2019-08-05,0.0,37.3,20.6
2019-08-06,0.0,36.7,20.7
2019-08-07,0.0,35.9,20.2
2019-08-08,0.0,38.5,20.4
2019-08-09,0.4,38.6,19.9
2019-08-10,0.0,37.4,19.1
2019-08-11,0.0,37.9,20.0
2019-08-12,0.0,39.3,20.3
2019-08-13,0.0,38.7,20.1
2019-08-14,0.0,37.4,20.8
2019-08-15,0.0,38.0,22.3
2019-08-16,0.0,38.0,20.9
2019-08-17,0.0,37.8,21.0
2019-08-18,0.0,38.2,20.9
2019-08-19,0.0,35.9,20.8
2019-08-20,0.0,35.7,22.5
2019-08-21,0.0,34.6,20.2
2019-08-22,4.0,35.9,21.4
2019-08-23,0.0,35.2,20.6
2019-08-24,1.0,35.1,21.5
2019-08-25,4.0,35.7,20.2
2019-08-26,21.4,37.1,20.3
2019-08-27,0.0,36.1,20.9
2019-08-28,0.2,32.3,20.1
2019-08-29,0.0,34.7,19.6
2019-08-30,0.0,34.4,19.1
2019-08-31,0.0,33.0,20.3
2019-09-01,9.8,33.6,19.4
2019-09-02,6.8,34.1,18.4
2019-09-03,0.0,30.0,18.9
2019-09-04,160.39999999999998,28.1,18.9
2019-09-05,112.4,27.5,19.8
2019-09-06,0.0,29.4,21.0
2019-09-07,0.0,30.2,18.8
2019-09-08,0.0,30.6,18.9
2019-09-09,0.0,29.8,17.9
2019-09-10,0.0,29.2,18.7
2019-09-11,3.0,31.4,19.1
2019-09-12,0.2,29.1,19.5
2019-09-13,23.6,28.9,18.8
2019-09-14,0.2,28.9,17.3
2019-09-15,0.0,30.4,17.4
2019-09-16,0.0,30.0,18.1
2019-09-17,0.0,32.2,19.0
2019-09-18,3.8,33.0,19.9
2019-09-19,0.2,33.1,19.8
2019-09-20,0.0,29.8,21.3
2019-09-21,0.0,28.7,21.0
2019-09-22,0.0,28.1,19.7
2019-09-23,0.0,31.3,19.0
2019-09-24,0.0,30.0,18.6
2019-09-25,0.0,30.0,19.6
2019-09-26,8.4,31.4,20.3
2019-09-27,0.2,30.0,19.9
2019-09-28,0.0,30.6,20.1
2019-09-29,3.2,28.8,22.3
2019-09-30,4.6000000000000005,27.7,21.7
2019-10-01,0.2,27.9,22.4
2019-10-02,2.8,28.8,20.4
2019-10-03,0.8,28.0,21.0
2019-10-04,1.0,28.8,17.5
2019-10-05,0.0,32.4,17.4
2019-10-06,0.0,33.4,17.7
2019-10-07,0.0,31.5,17.8
2019-10-08,0.2,27.2,17.1
2019-10-09,0.0,31.8,16.8
2019-10-10,0.0,33.3,17.3
2019-10-11,0.0,29.6,16.6
2019-10-12,0.0,20.4,8.9
2019-10-13,0.0,28.4,11.0
2019-10-14,0.0,30.4,16.1
2019-10-15,0.0,33.3,17.8
2019-10-16,13.8,25.1,18.2
2019-10-17,0.4,25.7,14.0
2019-10-18,0.0,30.2,14.4
2019-10-19,0.0,34.4,16.4
2019-10-20,0.0,29.4,18.9
2019-10-21,1.8,32.3,17.5
2019-10-22,0.0,26.9,19.1
2019-10-23,1.6,26.1,15.9
2019-10-24,0.2,25.8,17.0
2019-10-25,3.2,23.0,11.1
2019-10-26,0.0,23.6,6.8
2019-10-27,0.0,30.2,11.1
2019-10-28,0.0,29.4,14.1
2019-10-29,0.0,26.1,16.2
2019-10-30,0.0,25.3,19.3
2019-10-31,1.2000000000000002,19.0,6.7
2019-11-01,0.0,21.3,4.0
2019-11-02,0.0,22.9,8.8
2019-11-03,0.0,22.5,9.5
2019-11-04,0.0,30.2,12.5
2019-11-05,0.0,29.5,16.4
2019-11-06,0.0,24.9,17.0
2019-11-07,0.0,30.9,16.2
2019-11-08,31.800000000000004,25.1,10.8
2019-11-09,1.8,14.4,11.3
2019-11-10,0.2,18.6,13.1
2019-11-11,0.8,29.2,14.0
2019-11-12,16.8,20.1,2.7
2019-11-13,0.8,7.3,2.6
2019-11-14,0.2,21.7,5.2
2019-11-15,0.0,19.0,9.0
2019-11-16,0.0,21.1,5.7
2019-11-17,0.0,29.0,9.4
2019-11-18,0.0,26.5,10.6
2019-11-19,0.0,28.4,12.5
2019-11-20,0.0,27.6,13.7
2019-11-21,0.0,30.0,16.1
2019-11-22,0.0,27.2,15.3
2019-11-23,2.0,21.2,15.2
2019-11-24,0.2,25.4,9.7
2019-11-25,0.0,28.1,10.6
2019-11-26,0.0,31.1,14.8
2019-11-27,0.0,23.3,15.2
2019-11-28,0.0,22.8,8.3
2019-11-29,0.0,27.2,10.4
2019-11-30,0.0,31.5,14.8
2019-12-01,0.0,24.0,13.9
2019-12-02,0.0,21.4,7.3
2019-12-03,0.0,23.5,7.3
2019-12-04,0.0,28.6,12.4
2019-12-05,0.0,25.6,10.9
2019-12-06,0.0,27.2,13.8
2019-12-07,0.0,23.3,10.6
2019-12-08,0.0,25.3,10.9
2019-12-09,0.0,29.8,13.7
2019-12-10,0.0,20.1,13.3
2019-12-11,0.0,13.4,9.4
2019-12-12,0.0,20.2,6.1
2019-12-13,0.0,30.0,8.5
2019-12-14,0.0,27.0,12.1
2019-12-15,0.0,30.6,14.0
2019-12-16,0.0,32.9,16.8
2019-12-17,0.0,18.4,6.4
2019-12-18,0.0,14.3,0.2
2019-12-19,0.0,15.2,0.3
2019-12-20,0.0,16.3,8.2
2019-12-21,3.6000000000000005,15.3,9.7
2019-12-22,0.0,20.6,5.2
2019-12-23,0.0,21.9,5.6
2019-12-24,0.0,22.5,7.4
2019-12-25,0.0,25.6,10.3
2019-12-26,0.0,23.3,10.8
2019-12-27,0.0,19.6,12.2
2019-12-28,0.0,33.2,13.4
2019-12-29,0.0,26.3,12.6
2019-12-30,0.0,18.2,6.2
2019-12-31,1.8,12.6,8.9
2020-01-01,14.000000000000002,15.2,9.9
2020-01-02,8.2,25.3,9.9
2020-01-03,0.0,20.5,8.7
2020-01-04,0.0,19.7,4.4
2020-01-05,0.0,21.8,5.5
2020-01-06,0.0,24.4,8.7
2020-01-07,0.0,20.3,8.2
2020-01-08,0.0,20.5,6.6
2020-01-09,0.0,26.3,9.5
2020-01-10,0.0,30.7,10.5
2020-01-11,0.0,23.0,7.2
2020-01-12,0.0,21.9,5.5
2020-01-13,0.0,23.9,10.5
2020-01-14,0.0,25.6,11.6
2020-01-15,0.0,24.3,13.0
2020-01-16,0.4,21.0,15.6
2020-01-17,1.8,20.5,17.8
2020-01-18,7.6000000000000005,23.8,14.3
2020-01-19,5.200000000000001,18.3,10.6
2020-01-20,0.0,12.7,8.1
2020-01-21,0.8,10.8,7.2
2020-01-22,0.4,17.1,10.0
2020-01-23,0.0,23.8,9.7
2020-01-24,0.0,20.6,7.9
2020-01-25,0.0,17.8,12.4
2020-01-26,0.0,28.6,13.2
2020-01-27,0.0,27.5,11.3
2020-01-28,0.0,27.6,11.2
2020-01-29,0.0,22.2,5.6
2020-01-30,0.0,15.1,5.6
2020-01-31,0.0,17.7,5.5
2020-02-01,0.0,19.4,6.6
2020-02-02,0.0,23.8,7.3
2020-02-03,0.0,28.0,11.4
2020-02-04,0.0,30.6,13.7
2020-02-05,0.0,21.6,13.2
2020-02-06,0.0,22.8,0.4
2020-02-07,0.0,28.0,5.6
2020-02-08,0.0,27.2,9.6
2020-02-09,0.0,30.3,13.3
2020-02-10,0.0,33.0,13.8
2020-02-11,0.6000000000000001,23.7,14.3
2020-02-12,2.2,15.7,10.1
2020-02-13,0.0,16.4,7.5
2020-02-14,0.0,13.7,6.2
2020-02-15,0.0,22.7,8.8
2020-02-16,0.0,28.2,10.6
2020-02-17,0.0,31.8,13.5
2020-02-18,0.0,31.2,15.9
2020-02-19,7.4,24.9,12.8
2020-02-20,4.6000000000000005,13.3,10.8
2020-02-21,5.000000000000001,10.5,4.6
2020-02-22,0.0,18.1,6.5
2020-02-23,0.0,25.6,8.8
2020-02-24,0.0,28.7,13.5
2020-02-25,0.0,29.5,12.7
2020-02-26,0.0,17.9,8.6
2020-02-27,0.0,20.3,0.1
2020-02-28,0.0,23.8,3.9
2020-02-29,0.0,24.3,5.7
2020-03-01,0.0,33.4,9.3
2020-03-02,0.0,36.1,15.5
2020-03-03,0.0,28.1,16.1
2020-03-04,0.0,29.3,15.9
2020-03-05,0.0,24.5,7.3
2020-03-06,0.0,22.8,8.9
2020-03-07,0.0,20.4,8.4
2020-03-08,0.0,21.8,11.1
2020-03-09,0.0,23.0,13.7
2020-03-10,0.0,23.9,15.1
2020-03-11,0.0,28.8,15.8
2020-03-12,0.0,32.3,15.2
2020-03-13,0.0,34.4,16.0
2020-03-14,0.2,32.2,16.7
2020-03-15,0.0,28.7,18.6
2020-03-16,9.600000000000001,23.3,17.6
2020-03-17,0.4,29.5,15.5
2020-03-18,0.2,29.5,18.7
2020-03-19,0.2,35.0,15.5
2020-03-20,3.6000000000000005,28.3,18.1
2020-03-21,14.600000000000001,18.9,14.5
2020-03-22,1.2000000000000002,20.7,13.9
2020-03-23,0.2,29.7,15.2
2020-03-24,0.0,36.1,15.8
2020-03-25,0.0,36.5,18.0
2020-03-26,0.0,35.6,16.1
2020-03-27,0.0,38.5,17.2
2020-03-28,0.0,33.9,19.8
2020-03-29,7.600000000000001,28.0,16.2
2020-03-30,1.0,28.6,15.2
2020-03-31,0.0,30.7,17.3
2020-04-01,0.0,26.2,13.6
2020-04-02,0.0,30.4,18.4
2020-04-03,0.0,27.8,18.5
2020-04-04,0.2,24.5,17.9
2020-04-05,3.4,17.7,14.6
2020-04-06,0.4,22.1,15.9
2020-04-07,1.2000000000000002,28.1,18.8
2020-04-08,0.0,34.1,17.1
2020-04-09,0.0,35.8,18.9
2020-04-10,0.0,30.7,19.9
2020-04-11,3.8000000000000007,31.4,16.8
2020-04-12,0.0,37.2,16.9
2020-04-13,0.0,30.6,14.7
2020-04-14,0.6000000000000001,24.9,12.6
2020-04-15,14.8,15.7,10.8
2020-04-16,0.2,18.0,12.5
2020-04-17,0.0,32.1,13.4
2020-04-18,0.0,28.6,18.1
2020-04-19,0.0,37.1,15.5
2020-04-20,0.0,35.5,17.3
2020-04-21,0.0,34.0,16.6
2020-04-22,0.0,36.1,20.6
2020-04-23,14.6,35.0,18.3
2020-04-24,0.0,37.8,14.6
2020-04-25,0.0,31.7,18.8
2020-04-26,13.200000000000001,26.3,17.9
2020-04-27,0.0,29.2,18.9
2020-04-28,11.8,34.9,17.0
2020-04-29,0.0,37.5,16.3
2020-04-30,5.4,24.3,18.6
2020-05-01,0.2,32.6,14.5
2020-05-02,0.0,33.7,15.8
2020-05-03,0.0,35.2,16.9
2020-05-04,0.0,35.7,17.4
2020-05-05,0.0,38.2,18.1
2020-05-06,24.4,30.8,16.0
2020-05-07,0.0,30.8,15.1
2020-05-08,4.6000000000000005,34.4,16.9
2020-05-09,14.799999999999999,23.3,16.8
2020-05-10,0.4,21.1,15.2
2020-05-11,6.200000000000001,25.0,17.3
2020-05-12,0.0,29.4,15.7
2020-05-13,0.0,30.2,17.9
2020-05-14,2.4000000000000004,30.2,19.5
2020-05-15,0.0,32.1,19.1
2020-05-16,0.0,33.1,20.3
2020-05-17,0.0,33.3,15.5
2020-05-18,0.0,34.3,16.4
2020-05-19,0.0,35.7,17.0
2020-05-20,0.0,35.7,20.0
2020-05-21,0.0,30.3,20.2
2020-05-22,0.0,33.0,17.4
2020-05-23,0.0,31.3,18.0
2020-05-24,2.2,31.9,20.3
2020-05-25,0.2,31.1,15.8
2020-05-26,5.6,28.1,19.3
2020-05-27,0.0,31.0,17.0
2020-05-28,0.0,34.3,19.2
2020-05-29,8.8,28.8,15.6
2020-05-30,1.4000000000000001,27.9,16.8
2020-05-31,8.600000000000001,28.1,16.9
2020-06-01,17.8,27.0,16.1
2020-06-02,4.8,26.9,17.8
2020-06-03,0.0,30.3,18.2
2020-06-04,0.0,31.6,18.7
2020-06-05,0.0,30.9,20.1
2020-06-06,0.6000000000000001,32.9,20.3
2020-06-07,0.0,34.7,18.5
2020-06-08,0.0,36.9,19.1
2020-06-09,0.0,36.5,21.2
2020-06-10,0.6000000000000001,34.7,18.7
2020-06-11,15.599999999999998,28.4,19.2
2020-06-12,0.2,29.7,17.3
2020-06-13,0.0,30.7,14.8
2020-06-14,0.0,30.7,15.3
2020-06-15,0.0,29.6,16.1
2020-06-16,0.0,31.4,17.0
2020-06-17,0.0,32.1,19.4
2020-06-18,0.0,33.5,19.8
2020-06-19,1.5999999999999999,32.7,17.2
2020-06-20,0.0,31.5,20.8
2020-06-21,0.0,35.7,20.3
2020-06-22,0.0,36.6,18.8
2020-06-23,0.0,34.2,18.7
2020-06-24,0.0,34.0,21.1
2020-06-25,28.599999999999998,30.6,16.9
2020-06-26,0.0,28.3,19.2
2020-06-27,4.6000000000000005,30.0,21.6
2020-06-28,2.2,34.4,19.5
2020-06-29,1.4000000000000001,33.4,20.6
2020-06-30,0.2,32.2,21.0
2020-07-01,0.0,33.2,20.4
2020-07-02,0.0,33.2,20.2
2020-07-03,0.0,34.4,18.0
2020-07-04,0.0,35.6,17.6
2020-07-05,0.0,37.0,17.8
2020-07-06,0.0,36.2,18.1
2020-07-07,0.0,34.5,19.7
2020-07-08,0.0,34.4,20.7
2020-07-09,0.0,36.9,21.1
2020-07-10,0.0,37.4,20.4
2020-07-11,0.0,37.4,19.3
2020-07-12,0.0,37.4,18.6
2020-07-13,0.0,38.2,19.3
2020-07-14,0.0,37.7,18.4
2020-07-15,0.0,35.1,18.6
2020-07-16,0.0,35.7,20.6
2020-07-17,2.8,35.4,21.5
2020-07-18,8.399999999999999,31.5,20.2
2020-07-19,13.200000000000003,30.9,20.0
2020-07-20,0.6000000000000001,32.9,19.9
2020-07-21,0.4,32.5,19.8
2020-07-22,0.2,32.9,19.8
2020-07-23,0.0,34.5,20.0
2020-07-24,0.0,35.9,20.4
2020-07-25,12.8,30.8,21.5
2020-07-26,102.4,28.8,20.4
2020-07-27,238.0,23.2,20.7
2020-07-28,64.80000000000001,26.8,20.9
2020-07-29,7.4,26.5,18.6
2020-07-30,3.2,27.8,20.7
2020-07-31,0.0,32.6,19.6
2020-08-01,33.2,30.4,19.0
2020-08-02,0.0,33.6,18.4
2020-08-03,0.0,33.9,18.1
2020-08-04,0.0,32.9,18.3
2020-08-05,0.0,32.2,19.0
2020-08-06,0.0,32.1,19.8
2020-08-07,0.0,31.2,19.9
2020-08-08,0.0,32.2,19.4
2020-08-09,0.0,32.1,18.4
2020-08-10,0.0,32.7,17.6
2020-08-11,0.0,32.9,18.5
2020-08-12,0.0,33.7,18.6
2020-08-13,0.0,32.5,18.3
2020-08-14,0.0,34.5,17.6
2020-08-15,0.0,34.1,18.1
2020-08-16,0.0,33.0,19.2
2020-08-17,0.0,31.9,18.7
2020-08-18,0.0,33.6,19.7
2020-08-19,0.0,32.0,19.1
2020-08-20,0.0,35.9,19.0
2020-08-21,0.0,36.3,19.2
2020-08-22,0.0,35.3,19.0
2020-08-23,0.0,34.1,19.3
2020-08-24,26.2,30.1,18.4
2020-08-25,0.0,31.5,18.7
2020-08-26,0.6000000000000001,33.9,18.7
2020-08-27,0.0,35.5,20.4
2020-08-28,0.0,34.6,20.0
2020-08-29,0.0,33.8,19.4
2020-08-30,0.0,35.3,20.0
2020-08-31,0.0,36.4,20.8
2020-09-01,0.0,37.3,21.6
2020-09-02,0.2,34.5,22.1
2020-09-03,22.2,33.3,20.7
2020-09-04,0.2,31.8,19.7
2020-09-05,45.4,26.7,19.3
2020-09-06,9.4,25.5,19.5
2020-09-07,0.4,26.5,19.2
2020-09-08,2.0,30.0,20.2
2020-09-09,0.4,27.6,20.7
2020-09-10,26.0,25.7,16.9
2020-09-11,8.0,19.7,15.9
2020-09-12,0.2,27.4,17.1
2020-09-13,0.6000000000000001,32.1,17.8
2020-09-14,68.0,26.2,19.7
2020-09-15,15.8,25.5,20.1
2020-09-16,7.999999999999999,31.9,19.7
2020-09-17,34.6,27.1,20.1
2020-09-18,28.400000000000002,26.0,17.6
2020-09-19,14.4,27.9,17.7
2020-09-20,0.0,28.9,17.4
2020-09-21,0.0,29.4,14.6
2020-09-22,0.0,31.9,13.4
2020-09-23,0.0,32.8,16.2
2020-09-24,0.0,31.9,16.8
2020-09-25,0.0,32.0,19.2
2020-09-26,0.0,32.7,17.2
2020-09-27,0.0,37.5,16.4
2020-09-28,2.4,29.6,18.2
2020-09-29,0.0,26.4,15.5
2020-09-30,0.0,28.3,11.2
2020-10-01,0.0,29.6,11.8
2020-10-02,0.0,28.2,13.2
2020-10-03,0.0,30.0,12.9
2020-10-04,0.0,29.8,13.6
2020-10-05,0.0,30.0,13.8
2020-10-06,0.0,31.3,13.8
2020-10-07,0.0,30.1,15.0
2020-10-08,0.0,31.1,14.2
2020-10-09,0.0,33.3,14.8
2020-10-10,0.0,36.7,15.8
2020-10-11,0.0,36.1,16.4
2020-10-12,0.0,35.1,16.3
2020-10-13,0.0,28.2,17.0
2020-10-14,0.0,32.4,17.4
2020-10-15,0.0,37.5,17.0
2020-10-16,0.0,25.9,16.7
2020-10-17,0.0,29.5,12.5
2020-10-18,0.0,33.5,14.1
2020-10-19,0.0,32.4,15.4
2020-10-20,0.0,30.0,16.2
2020-10-21,0.0,28.0,17.3
2020-10-22,0.0,31.7,16.5
2020-10-23,0.0,33.7,16.2
2020-10-24,1.2000000000000002,25.3,16.1
2020-10-25,0.0,33.0,13.4
2020-10-26,0.0,31.6,15.7
2020-10-27,1.0,23.6,11.2
2020-10-28,1.8,21.7,6.6
2020-10-29,0.0,26.0,7.8
2020-10-30,0.0,24.0,7.3
2020-10-31,0.0,26.6,8.0
2020-11-01,0.0,27.8,10.6
2020-11-02,0.0,24.5,12.2
2020-11-03,0.0,24.5,9.1
2020-11-04,0.0,26.9,9.4
2020-11-05,0.0,28.0,9.9
2020-11-06,0.0,25.4,11.0
2020-11-07,0.0,26.6,11.0
2020-11-08,0.0,28.3,11.8
2020-11-09,0.0,30.0,13.3
2020-11-10,0.0,30.8,15.2
2020-11-11,0.0,24.4,18.6
2020-11-12,0.0,23.7,16.4
2020-11-13,0.0,23.7,16.6
2020-11-14,0.0,30.2,15.6
2020-11-15,0.0,26.2,16.3
2020-11-16,0.0,26.4,10.4
2020-11-17,9.200000000000001,19.8,16.1
2020-11-18,0.0,19.0,12.4
2020-11-19,0.0,21.3,11.5
2020-11-20,0.0,25.7,11.7
2020-11-21,0.0,21.7,13.9
2020-11-22,1.4000000000000001,21.8,16.6
2020-11-23,29.400000000000002,24.0,14.0
2020-11-24,0.0,27.9,12.2
2020-11-25,0.0,27.1,14.9
2020-11-26,0.0,27.5,12.9
2020-11-27,0.0,29.1,15.0
2020-11-28,0.2,21.3,17.6
2020-11-29,2.4000000000000004,18.0,12.2
2020-11-30,0.0,14.8,7.8
2020-12-01,0.0,18.6,3.3
2020-12-02,0.0,23.0,6.5
2020-12-03,0.0,14.2,1.4
2020-12-04,0.0,14.2,0.2
2020-12-05,0.0,15.4,2.5
2020-12-06,0.0,21.3,4.5
2020-12-07,0.0,20.8,5.5
2020-12-08,0.0,23.3,6.0
2020-12-09,0.0,23.3,7.7
2020-12-10,0.0,27.5,11.2
2020-12-11,0.0,31.4,12.7
2020-12-12,0.4,26.4,12.5
2020-12-13,0.0,30.2,12.7
2020-12-14,0.0,20.9,3.2
2020-12-15,0.0,23.6,3.0
2020-12-16,0.0,17.9,4.4
2020-12-17,0.0,19.2,3.2
2020-12-18,0.0,20.7,5.0
2020-12-19,0.0,26.7,9.8
2020-12-20,0.0,22.4,7.9
2020-12-21,0.0,24.2,9.4
2020-12-22,0.0,22.3,10.4
2020-12-23,0.0,31.1,9.6
2020-12-24,0.0,17.9,7.3
2020-12-25,0.0,19.2,0.6
2020-12-26,0.0,19.9,3.4
2020-12-27,0.0,24.9,6.7
2020-12-28,0.0,26.8,8.8
2020-12-29,0.0,23.1,9.2
2020-12-30,0.0,26.0,8.4
2020-12-31,5.4,17.6,6.9
2021-01-01,0.0,11.0,1.6
2021-01-02,0.0,17.3,2.4
2021-01-03,0.0,21.0,4.8
2021-01-04,0.0,26.8,8.1
2021-01-05,0.0,25.3,9.3
2021-01-06,0.0,27.2,9.3
2021-01-07,0.0,22.8,5.9
2021-01-08,0.0,20.5,5.2
2021-01-09,2.8000000000000003,11.2,7.2
2021-01-10,1.2,12.5,8.4
2021-01-11,3.2,8.5,1.9
2021-01-12,0.2,6.6,2.7
2021-01-13,0.0,20.3,1.0
2021-01-14,0.0,28.8,6.3
2021-01-15,0.0,19.0,4.6
2021-01-16,0.0,21.8,2.8
2021-01-17,0.0,23.0,5.8
2021-01-18,0.0,25.1,6.6
2021-01-19,0.0,22.2,9.7
2021-01-20,9.799999999999999,17.8,11.3
2021-01-21,0.4,20.3,11.2
2021-01-22,0.2,25.1,11.3
2021-01-23,0.0,26.3,11.8
2021-01-24,0.0,28.4,13.0
2021-01-25,0.0,33.2,13.9
2021-01-26,0.0,28.3,11.3
2021-01-27,0.0,20.3,7.9
2021-01-28,0.0,18.0,4.9
2021-01-29,0.0,23.2,6.2
2021-01-30,0.0,32.2,9.8
2021-01-31,0.0,26.0,13.8
2021-02-01,0.0,20.4,7.4
2021-02-02,0.0,22.6,6.1
2021-02-03,0.0,29.3,9.5
2021-02-04,0.0,35.4,12.7
2021-02-05,0.0,27.2,13.7
2021-02-06,0.0,28.6,9.3
2021-02-07,0.0,24.9,8.8
2021-02-08,0.0,29.8,10.1
2021-02-09,0.0,30.1,12.1
2021-02-10,0.0,26.1,13.4
2021-02-11,0.6000000000000001,22.1,9.6
2021-02-12,4.200000000000001,9.6,5.7
2021-02-13,2.0,6.4,3.8
2021-02-14,1.4000000000000001,4.5,1.3
2021-02-15,1.2000000000000002,2.7,-5.4
2021-02-16,1.4000000000000001,10.1,-3.7
2021-02-17,0.0,3.0,0.0
2021-02-18,0.0,,
2021-02-19,0.0,,
2021-02-20,0.0,,
2021-02-21,0.0,,
2021-02-22,0.0,,
2021-02-23,0.0,,
2021-02-24,0.0,33.4,25.9
2021-02-25,0.0,31.1,14.6
2021-02-26,0.0,28.5,13.6
2021-02-27,0.0,27.2,13.9
2021-02-28,0.0,34.1,15.4
2021-03-01,0.0,27.9,15.3
2021-03-02,0.0,18.2,10.0
2021-03-03,0.0,25.8,6.0
2021-03-04,0.0,29.4,9.3
2021-03-05,0.0,29.0,13.1
2021-03-06,0.0,23.3,8.9
2021-03-07,0.2,19.2,10.1
2021-03-08,0.6000000000000001,17.0,11.5
2021-03-09,0.0,25.7,13.6
2021-03-10,0.0,31.6,12.6
2021-03-11,0.0,31.6,12.0
2021-03-12,0.0,30.4,14.5
2021-03-13,0.0,30.8,17.6
2021-03-14,0.0,28.5,13.0
2021-03-15,0.0,30.9,11.0
2021-03-16,0.0,34.2,13.7
2021-03-17,0.0,28.9,16.5
2021-03-18,0.0,,
2021-03-19,0.0,,
2021-03-20,0.0,,
2021-03-21,0.0,,
2021-03-22,0.0,,
2021-03-23,0.0,,
2021-03-24,0.0,,
2021-03-25,0.0,,
2021-03-26,0.0,,
2021-03-27,0.0,,
2021-03-28,0.0,,
2021-03-29,0.0,,
2021-03-30,0.0,33.3,10.6
2021-03-31,0.0,31.2,17.2
2021-04-01,1.0,20.8,11.0
2021-04-02,0.0,13.7,9.9
2021-04-03,0.6000000000000001,17.5,13.2
2021-04-04,8.0,19.6,14.6
2021-04-05,5.800000000000001,26.0,15.2
2021-04-06,0.0,33.0,12.2
2021-04-07,0.0,36.4,15.2
2021-04-08,0.0,36.1,16.4
2021-04-09,0.0,40.3,17.5
2021-04-10,0.0,34.8,19.9
2021-04-11,0.0,31.4,16.2
2021-04-12,0.0,32.7,16.0
2021-04-13,0.0,29.7,18.5
2021-04-14,0.0,32.4,21.8
2021-04-15,0.0,29.7,18.7
2021-04-16,0.0,38.4,19.4
2021-04-17,27.799999999999997,32.8,13.8
2021-04-18,3.4000000000000004,17.0,10.7
2021-04-19,0.0,20.6,11.0
2021-04-20,0.0,29.1,9.3
2021-04-21,5.0,23.9,13.5
2021-04-22,2.8000000000000003,22.8,15.1
2021-04-23,0.0,33.9,16.0
2021-04-24,0.0,33.9,18.1
2021-04-25,0.0,33.2,13.7
2021-04-26,0.0,32.7,16.4
2021-04-27,0.0,34.0,18.2
2021-04-28,0.0,36.6,18.7
2021-04-29,0.0,32.6,19.5
2021-04-30,4.6,27.1,16.7
2021-05-01,5.8,28.0,16.6
2021-05-02,0.0,36.9,14.4
2021-05-03,0.0,41.0,17.4
2021-05-04,0.0,31.1,20.4
2021-05-05,4.0,26.4,18.0
2021-05-06,0.0,29.7,16.9
2021-05-07,1.8,28.6,19.4
2021-05-08,0.4,32.7,15.8
2021-05-09,0.0,39.8,18.9
2021-05-10,0.0,34.8,20.3
2021-05-11,0.0,32.3,20.4
2021-05-12,11.4,29.0,19.2
2021-05-13,10.0,20.3,16.8
2021-05-14,2.2,19.6,17.5
2021-05-15,0.0,30.5,17.9
2021-05-16,3.0,32.6,19.3
2021-05-17,4.800000000000001,34.1,17.4
2021-05-18,0.0,32.4,16.4
2021-05-19,4.6,29.3,19.0
2021-05-20,0.4,30.7,13.6
2021-05-21,0.0,32.6,15.5
2021-05-22,0.0,31.5,16.8
2021-05-23,2.0,30.9,17.7
2021-05-24,0.4,30.6,20.2
2021-05-25,0.0,31.6,20.3
2021-05-26,0.0,32.8,21.0
2021-05-27,0.0,33.6,19.0
2021-05-28,0.0,34.9,20.5
2021-05-29,10.4,30.6,21.3
2021-05-30,0.0,30.6,17.9
2021-05-31,0.8,25.9,21.0
2021-06-01,8.0,28.5,19.3
2021-06-02,1.2000000000000002,31.0,17.4
2021-06-03,0.2,29.8,16.6
2021-06-04,4.0,27.2,16.7
2021-06-05,1.2,32.0,15.3
2021-06-06,0.0,38.0,17.1
2021-06-07,0.0,39.5,20.4
2021-06-08,0.0,37.1,19.7
2021-06-09,0.0,36.2,20.8
2021-06-10,0.0,36.2,20.0
2021-06-11,0.0,35.5,19.2
2021-06-12,0.0,34.0,19.1
2021-06-13,0.0,34.6,18.6
2021-06-14,0.0,35.5,19.4
2021-06-15,0.0,34.5,19.4
2021-06-16,0.0,34.0,19.8
2021-06-17,20.6,31.4,17.1
2021-06-18,0.0,32.4,16.5
2021-06-19,0.0,31.3,18.6
2021-06-20,0.6000000000000001,35.3,20.1
2021-06-21,0.0,39.1,20.9
2021-06-22,41.4,35.6,19.0
2021-06-23,0.0,28.1,19.6
2021-06-24,6.8,29.6,20.8
2021-06-25,0.0,32.5,21.2
2021-06-26,0.0,32.9,18.5
2021-06-27,0.0,31.1,20.2
2021-06-28,15.0,29.1,16.5
2021-06-29,0.0,29.5,17.4
2021-06-30,31.200000000000003,28.0,19.2
2021-07-01,0.6000000000000001,28.6,20.5
2021-07-02,7.0,31.8,19.3
2021-07-03,0.0,32.7,19.3
2021-07-04,0.0,33.0,19.8
2021-07-05,0.0,31.4,20.6
2021-07-06,8.2,28.3,21.5
2021-07-07,19.4,28.3,20.0
2021-07-08,1.0,28.9,19.1
2021-07-09,21.400000000000002,28.3,19.9
2021-07-10,73.39999999999999,28.2,20.0
2021-07-11,13.2,27.7,19.8
2021-07-12,0.0,30.5,18.2
2021-07-13,2.0,30.2,18.5
2021-07-14,0.0,27.2,19.7
2021-07-15,0.0,30.9,17.5
2021-07-16,0.0,32.0,19.0
2021-07-17,0.0,32.7,19.8
2021-07-18,0.0,31.5,17.4
2021-07-19,0.0,33.7,19.9
2021-07-20,3.0000000000000004,32.4,19.7
2021-07-21,22.799999999999997,28.6,20.3
2021-07-22,6.6,29.8,17.5
2021-07-23,0.0,31.7,18.6
2021-07-24,0.0,33.7,17.6
2021-07-25,0.0,33.5,16.4
2021-07-26,0.0,33.1,18.5
2021-07-27,0.4,34.2,19.4
2021-07-28,0.4,32.3,17.6
2021-07-29,15.8,30.2,16.7
2021-07-30,8.2,29.6,18.8
2021-08-01,0.0,35.2,19.2
2021-08-02,0.0,34.4,19.4
2021-08-03,1.2,31.3,21.0
2021-08-04,1.6,30.6,19.6
2021-08-05,7.4,27.8,20.2
2021-08-06,6.3999999999999995,28.7,20.3
2021-08-07,0.0,31.5,19.2
2021-08-08,0.0,33.4,18.4
2021-08-09,0.0,32.0,19.1
2021-08-10,0.0,32.5,18.3
2021-08-11,0.0,32.7,17.7
2021-08-12,0.0,32.1,18.6
2021-08-13,0.0,32.6,18.7
2021-08-14,0.0,33.5,19.4
2021-08-15,9.8,33.7,19.9
2021-08-16,0.0,32.7,19.8
2021-08-17,3.2,32.6,20.0
2021-08-18,0.0,34.9,20.6
2021-08-19,0.0,35.2,20.8
2021-08-20,0.0,33.7,19.0
2021-08-21,2.6,31.4,19.5
2021-08-22,0.0,32.3,18.5
2021-08-23,0.0,32.8,17.7
2021-08-24,0.0,33.8,17.1
2021-08-25,0.2,33.2,18.7
2021-08-26,1.0,33.3,18.9
2021-08-27,0.6000000000000001,33.9,18.5
2021-08-28,0.0,34.1,18.6
2021-08-29,0.0,34.6,17.9
2021-08-30,0.0,35.8,20.7
2021-08-31,0.0,35.2,19.7
2021-09-01,0.0,28.9,22.1
2021-09-02,0.0,,
2021-09-03,0.0,32.3,19.5
2021-09-04,0.0,34.2,18.5
2021-09-05,0.0,34.3,17.7
2021-09-06,0.0,35.3,18.3
2021-09-07,0.0,35.0,18.6
2021-09-08,0.0,34.8,19.4
2021-09-09,0.0,35.2,18.2
2021-09-10,0.0,35.2,17.6
2021-09-11,13.799999999999997,31.7,18.3
2021-09-12,0.0,32.8,17.6
2021-09-13,0.0,31.7,19.1
2021-09-14,0.0,34.6,19.8
2021-09-15,0.0,33.9,20.1
2021-09-16,0.4,28.7,20.9
2021-09-17,0.0,34.7,17.8
2021-09-18,0.0,36.1,19.8
2021-09-19,0.0,35.4,19.0
2021-09-20,0.0,37.4,19.5
2021-09-21,0.0,37.4,19.8
2021-09-22,46.2,31.5,16.3
2021-09-23,0.0,29.4,14.0
2021-09-24,0.0,28.6,14.3
2021-09-25,0.0,26.8,15.6
2021-09-26,0.0,26.7,17.0
2021-09-27,5.4,31.8,17.1
2021-09-28,0.4,33.2,19.7
2021-09-29,0.0,31.8,19.5
2021-09-30,0.0,31.7,17.8
2021-10-01,0.0,28.2,18.2
2021-10-02,25.2,28.4,18.1
2021-10-03,23.6,30.2,18.2
2021-10-04,0.2,28.0,18.8
2021-10-05,0.0,30.2,17.5
2021-10-06,0.0,31.1,15.1
2021-10-07,0.0,31.0,14.4
2021-10-08,0.0,31.1,15.1
2021-10-09,0.0,33.6,14.8
2021-10-10,0.0,38.4,16.4
2021-10-11,0.0,33.5,19.2
2021-10-12,0.0,34.7,20.4
2021-10-13,2.2,28.8,20.6
2021-10-14,0.0,34.2,18.7
2021-10-15,0.0,32.8,20.0
2021-10-16,171.4,24.4,13.2
2021-10-17,0.0,24.0,10.7
2021-10-18,0.0,26.4,11.3
2021-10-19,0.0,27.5,14.0
2021-10-20,0.0,27.7,17.6
2021-10-21,0.0,25.2,17.4
2021-10-22,0.0,26.1,19.0
2021-10-23,0.0,28.9,15.0
2021-10-24,0.0,34.4,15.4
2021-10-25,0.0,32.0,16.4
2021-10-26,0.0,33.1,19.7
2021-10-27,0.0,34.9,18.6
2021-10-28,0.0,28.8,11.4
2021-10-29,0.0,28.0,11.0
2021-10-30,0.0,30.2,11.1
2021-10-31,0.0,30.9,13.2
2021-11-01,0.0,27.6,14.1
2021-11-02,0.0,27.5,14.1
2021-11-03,0.0,22.1,14.3
2021-11-04,19.400000000000002,17.7,12.7
2021-11-05,2.8000000000000003,16.2,11.6
2021-11-06,0.0,22.0,8.8
2021-11-07,0.0,23.7,8.3
2021-11-08,0.0,25.6,11.8
2021-11-09,0.0,22.9,13.2
2021-11-10,0.2,28.9,13.2
2021-11-11,0.0,29.1,13.6
2021-11-12,0.0,27.2,15.9
2021-11-13,2.0,18.3,14.5
2021-11-14,0.0,28.5,12.1
2021-11-15,0.0,27.2,11.6
2021-11-16,0.0,27.7,11.6
2021-11-17,0.0,28.5,11.0
2021-11-18,0.0,18.9,12.8
2021-11-19,0.4,20.1,9.6
2021-11-20,0.0,24.7,8.3
2021-11-21,0.0,28.7,12.1
2021-11-22,30.200000000000003,19.6,13.2
2021-11-23,0.0,22.4,8.3
2021-11-24,0.0,25.5,11.2
2021-11-25,0.6000000000000001,26.2,14.6
2021-11-26,3.0,14.9,9.2
2021-11-27,0.2,14.3,9.1
2021-11-28,0.0,23.2,10.8
2021-11-29,0.0,23.7,9.8
2021-11-30,0.0,24.0,10.0
2021-12-01,0.0,26.2,12.3
2021-12-02,0.0,28.7,14.6
2021-12-03,0.6000000000000001,27.1,15.3
2021-12-04,0.0,28.9,14.1
2021-12-05,0.0,26.2,13.9
2021-12-06,0.0,29.1,13.4
2021-12-07,0.0,22.6,10.6
2021-12-08,0.0,26.0,11.1
2021-12-09,0.0,29.0,11.2
2021-12-10,0.0,28.6,14.0
2021-12-11,0.0,24.7,13.5
2021-12-12,0.0,19.3,4.8
2021-12-13,0.0,21.8,6.0
2021-12-14,0.0,25.3,10.9
2021-12-15,0.0,25.0,13.0
2021-12-16,0.0,26.0,11.9
2021-12-17,0.0,26.3,13.3
2021-12-18,0.0,27.0,15.1
2021-12-19,12.0,18.6,7.6
2021-12-20,1.6,19.0,7.6
2021-12-21,0.0,21.7,6.7
2021-12-22,0.0,23.2,8.1
2021-12-23,0.0,24.0,10.2
2021-12-24,0.0,26.7,11.1
2021-12-25,0.0,30.8,14.2
2021-12-26,0.0,28.0,14.3
2021-12-27,0.0,28.3,12.8
2021-12-28,0.0,34.1,13.5
2021-12-29,0.0,30.2,14.9
2021-12-30,0.0,29.1,14.2
2021-12-31,0.0,29.2,14.0
2022-01-01,0.0,31.8,15.1
2022-01-02,0.0,19.9,6.9
2022-01-03,0.0,16.3,-0.4
2022-01-04,0.0,20.7,1.9
2022-01-05,0.0,26.6,9.0
2022-01-06,0.0,26.9,10.5
2022-01-07,0.8,16.9,9.8
2022-01-08,0.0,24.1,6.6
2022-01-09,0.0,27.5,11.3
2022-01-10,0.0,21.2,9.6
2022-01-11,0.0,15.9,7.3
2022-01-12,0.0,16.4,3.6
2022-01-13,0.0,24.6,6.8
2022-01-14,0.0,14.2,8.0
2022-01-15,0.0,,
2022-01-16,0.0,,
2022-01-17,0.0,,
2022-01-18,0.0,,
2022-01-19,0.0,,
2022-01-20,0.0,,
2022-01-21,0.0,,
2022-01-22,0.0,,
2022-01-23,0.0,,
2022-01-24,0.0,,
2022-01-25,0.0,,
2022-01-26,0.0,,
2022-01-27,0.0,,
2022-01-28,0.0,,
2022-01-29,0.0,,
2022-01-30,0.0,,
2022-01-31,0.0,,
2022-04-01,0.0,28.7,11.1
2022-04-02,0.0,28.9,16.7
2022-04-03,0.0,25.3,16.0
2022-04-04,0.0,32.8,14.5
2022-04-05,0.0,38.3,15.8
2022-04-06,0.0,38.2,17.6
2022-04-07,0.0,27.9,13.6
2022-04-08,0.0,27.4,8.5
2022-04-09,0.0,29.3,10.3
2022-04-10,1.7999999999999998,36.2,15.7
2022-04-11,0.2,37.0,14.9
2022-04-12,0.4,35.7,17.7
2022-04-13,0.0,38.1,17.3
2022-04-14,0.0,27.5,19.5
2022-04-15,8.2,31.2,20.0
2022-04-16,0.0,35.8,17.7
2022-04-17,0.0,35.7,18.8
2022-04-18,3.6000000000000005,32.2,20.0
2022-04-19,6.6000000000000005,25.5,19.7
2022-04-20,0.0,30.8,18.0
2022-04-21,0.0,31.3,17.2
2022-04-22,0.0,30.9,20.8
2022-04-23,0.0,29.3,20.0
2022-04-24,0.0,32.4,17.8
2022-04-25,0.0,25.2,17.6
2022-04-26,3.4000000000000004,26.3,14.3
2022-04-27,15.600000000000001,24.8,16.6
2022-04-28,0.0,30.8,15.4
2022-04-29,0.0,32.0,15.7
2022-04-30,0.0,34.1,15.3
2022-05-01,0.0,29.8,17.7
2022-05-02,0.0,35.3,21.4
2022-05-03,0.0,35.3,18.0
2022-05-04,0.0,31.7,20.2
2022-05-05,0.0,36.2,19.3
2022-05-06,0.0,34.2,22.7
2022-05-07,0.0,39.6,18.4
2022-05-08,0.0,40.7,18.9
2022-05-09,0.0,35.4,20.5
2022-05-10,0.2,31.4,21.2
2022-05-11,3.0,32.6,22.0
2022-05-12,0.0,35.6,17.6
2022-05-13,0.0,35.3,18.1
2022-05-14,0.0,34.7,18.2
2022-05-15,0.0,36.8,16.9
2022-05-16,0.0,37.2,17.0
2022-05-17,0.0,37.3,16.9
2022-05-18,0.0,37.2,19.1
2022-05-19,0.4,38.3,18.0
2022-05-20,0.0,40.0,19.8
2022-05-21,0.0,40.1,19.9
2022-05-22,9.600000000000001,35.3,20.6
2022-05-23,5.800000000000001,24.9,20.1
2022-05-24,8.0,24.5,19.4
2022-05-25,0.4,28.0,17.3
2022-05-26,0.0,33.3,17.4
2022-05-27,0.0,34.3,18.6
2022-05-28,0.0,35.8,18.0
2022-05-29,0.0,36.0,17.1
2022-05-30,0.0,36.1,18.3
2022-05-31,0.0,34.3,23.6
2022-05-31,0.0,33.1,25.2
2022-06-01,4.4,34.7,21.8
2022-06-02,10.2,32.5,20.6
2022-06-03,3.6000000000000005,28.2,19.4
2022-06-04,0.0,34.5,17.8
2022-06-05,0.0,39.2,17.4
2022-06-06,0.0,40.8,19.5
2022-06-07,0.0,39.0,19.4
2022-06-08,0.0,36.4,19.4
2022-06-09,0.0,33.9,23.0
2022-06-10,0.0,37.3,19.2
2022-06-11,0.0,37.4,19.5
2022-06-12,0.0,38.6,20.1
2022-06-13,0.0,36.4,18.4
2022-06-14,0.0,36.5,19.5
2022-06-15,0.0,35.6,20.3
2022-06-16,0.0,35.7,17.6
2022-06-17,0.0,34.6,18.1
2022-06-18,0.0,33.8,18.6
2022-06-19,0.0,33.2,18.9
2022-06-20,0.0,34.5,18.3
2022-06-21,23.0,33.9,19.1
2022-06-22,0.2,32.1,19.2
2022-06-23,0.0,33.8,17.0
2022-06-24,0.0,35.7,17.2
2022-06-25,0.0,34.8,17.8
2022-06-26,0.2,33.9,18.9
2022-06-27,6.4,34.1,19.8
2022-06-28,36.0,32.6,18.5
2022-06-29,42.99999999999999,32.0,16.9
2022-06-30,0.0,31.9,20.1
2022-06-30,0.0,29.2,20.8
2022-07-01,0.0,35.8,18.9
2022-07-02,0.6000000000000001,31.3,20.8
2022-07-03,0.0,31.1,21.1
2022-07-04,0.0,35.5,19.4
2022-07-05,0.0,35.1,20.3
2022-07-06,0.0,34.7,18.2
2022-07-07,0.0,35.4,19.1
2022-07-08,0.0,35.3,19.6
2022-07-09,0.0,36.6,20.4
2022-07-10,0.0,38.4,20.3
2022-07-11,0.0,39.3,20.2
2022-07-12,0.0,39.0,20.7
2022-07-13,0.0,36.5,20.7
2022-07-14,0.0,35.7,19.5
2022-07-15,0.0,34.6,19.5
2022-07-16,1.5999999999999999,34.4,19.4
2022-07-17,0.0,36.1,17.9
2022-07-18,0.0,36.3,18.6
2022-07-19,0.0,37.2,20.0
2022-07-20,0.0,38.7,20.9
2022-07-21,0.4,39.5,21.3
2022-07-22,0.0,36.6,19.8
2022-07-23,0.0,36.1,20.0
2022-07-24,0.0,36.9,19.2
2022-07-25,0.0,34.5,18.7
2022-07-26,0.0,36.9,19.7
2022-07-27,0.0,36.0,19.6
2022-07-28,0.6000000000000001,35.8,19.3
2022-07-29,0.0,35.3,20.1
2022-07-30,0.0,35.9,18.8
2022-07-31,0.0,35.1,18.8
2022-07-31,0.0,32.1,24.0
2022-08-01,8.0,34.2,18.8
2022-08-02,0.0,36.5,17.8
2022-08-03,0.0,39.3,19.4
2022-08-04,0.0,37.9,19.6
2022-08-05,0.0,36.2,19.4
2022-08-06,0.0,35.6,19.7
2022-08-07,0.0,35.0,18.7
2022-08-08,0.0,35.1,18.9
2022-08-09,0.0,36.2,18.9
2022-08-10,0.0,36.5,19.2
2022-08-11,0.0,38.1,20.5
2022-08-12,20.200000000000003,36.6,20.6
2022-08-13,0.4,33.8,18.9
2022-08-14,11.4,32.6,19.3
2022-08-15,5.6,30.6,19.5
2022-08-16,0.2,30.3,21.2
2022-08-17,0.0,33.1,19.7
2022-08-18,0.0,35.6,19.6
2022-08-19,6.4,36.3,19.5
2022-08-20,0.0,34.3,18.4
2022-08-21,0.0,35.8,20.1
2022-08-22,0.0,35.2,20.0
2022-08-23,0.2,32.4,21.7
2022-08-24,7.800000000000001,34.9,20.6
2022-08-25,5.0,33.7,20.2
2022-08-26,5.2,29.7,21.4
2022-08-27,0.2,33.9,19.8
2022-08-28,0.8,33.7,19.9
2022-08-29,0.6,34.9,20.1
2022-08-30,13.200000000000001,31.9,20.0
2022-08-31,24.4,27.5,19.6
2022-09-01,12.600000000000001,29.6,19.2
2022-09-02,18.2,31.2,20.4
2022-09-03,45.8,29.8,21.0
2022-09-04,57.8,27.3,20.3
2022-09-05,117.2,24.1,19.4
2022-09-06,12.000000000000002,26.1,18.4
2022-09-07,13.0,30.6,18.5
2022-09-08,0.0,33.6,16.1
2022-09-09,0.0,33.8,18.5
2022-09-10,0.0,31.9,17.6
2022-09-11,0.0,32.9,18.3
2022-09-12,0.0,32.2,17.6
2022-09-13,0.0,31.4,17.5
2022-09-14,21.6,30.1,18.6
2022-09-15,9.0,27.9,17.6
2022-09-16,0.0,28.2,17.9
2022-09-17,0.0,30.3,17.7
2022-09-18,0.0,30.2,18.7
2022-09-19,0.0,30.6,18.8
2022-09-20,0.0,30.7,17.9
2022-09-21,0.0,29.9,18.6
2022-09-22,0.0,31.6,17.1
2022-09-23,0.0,31.8,17.0
2022-09-24,0.8,31.5,17.9
2022-09-25,6.000000000000001,33.2,17.7
2022-09-26,15.2,29.2,17.1
2022-09-27,1.5999999999999999,28.8,15.3
2022-09-28,4.0,27.1,15.4
2022-09-29,0.0,28.6,14.3
2022-09-30,0.0,29.5,13.7
2022-10-31,9.4,22.3,11.8
2022-10-30,0.0,25.8,10.2
2022-10-29,0.0,26.1,9.0
2022-10-28,0.0,28.1,11.9
2022-10-27,0.0,28.1,12.2
2022-10-26,0.0,25.3,11.0
2022-10-25,0.0,26.2,12.3
2022-10-24,0.0,34.3,16.6
2022-10-23,0.0,28.6,13.5
2022-10-22,0.0,32.2,13.0
2022-10-21,0.0,29.1,11.6
2022-10-20,0.0,26.8,8.9
2022-10-19,0.0,20.9,9.5
2022-10-18,8.200000000000001,17.5,10.6
2022-10-17,5.800000000000001,27.2,17.5
2022-10-16,0.0,29.5,17.6
2022-10-15,0.0,30.4,16.8
2022-10-14,0.0,30.8,16.2
2022-10-13,0.0,33.5,16.6
2022-10-12,0.2,31.6,16.6
2022-10-11,0.0,22.9,15.1
2022-10-10,6.8,21.9,16.3
2022-10-09,0.2,26.1,14.4
2022-10-08,4.4,19.1,15.3
2022-10-07,8.600000000000001,24.1,14.7
2022-10-06,2.2,23.1,15.4
2022-10-05,0.0,24.1,16.8
2022-10-04,0.8,22.8,16.9
2022-10-03,0.0,24.0,15.7
2022-10-02,0.0,26.6,15.2
2022-10-01,0.0,29.8,14.1
2022-11-30,0.0,23.9,13.2
2022-11-29,0.0,27.9,11.5
2022-11-28,0.0,26.0,9.6
2022-11-27,0.0,25.9,8.4
2022-11-26,0.2,21.6,7.1
2022-11-25,1.4,16.8,11.2
2022-11-24,0.0,26.3,11.6
2022-11-23,0.0,17.1,11.5
2022-11-22,1.4,12.3,8.5
2022-11-21,2.6,9.8,5.1
2022-11-20,12.2,6.5,5.2
2022-11-19,7.2,9.5,6.1
2022-11-18,12.600000000000001,11.1,7.7
2022-11-17,4.800000000000001,7.7,4.5
2022-11-16,0.6000000000000001,11.4,5.4
2022-11-15,0.0,19.3,7.2
2022-11-14,0.0,28.6,7.1
2022-11-13,0.0,17.6,4.1
2022-11-12,0.0,19.2,6.8
2022-11-11,0.0,30.5,14.4
2022-11-10,0.0,29.4,15.7
2022-11-09,0.0,25.0,14.8
2022-11-08,0.2,24.3,19.1
2022-11-07,3.0,28.9,14.7
2022-11-06,0.0,28.9,11.5
2022-11-05,0.0,25.7,12.0
2022-11-04,0.0,32.5,15.6
2022-11-03,0.0,28.7,15.6
2022-11-02,2.4,20.7,16.8
2022-11-01,7.0,21.0,16.4
2022-12-01,0.4,13.4,12.1
2022-12-02,0.2,24.2,12.1
2022-12-03,0.8,19.1,11.9
2022-12-04,0.2,19.5,14.4
2022-12-05,0.0,26.0,14.1
2022-12-06,0.2,27.8,13.0
2022-12-07,1.0,20.2,15.3
2022-12-08,0.0,22.1,13.8
2022-12-09,0.2,22.6,13.1
2022-12-10,0.0,25.4,13.5
2022-12-11,0.0,21.8,14.4
2022-12-12,0.0,24.5,13.6
2022-12-13,0.2,26.5,11.0
2022-12-14,0.0,21.5,8.6
2022-12-15,0.0,22.1,6.8
2022-12-16,0.0,21.4,7.6
2022-12-17,0.0,16.5,4.1
2022-12-18,0.0,9.1,3.8
2022-12-19,0.0,22.2,7.9
2022-12-20,0.0,24.0,8.9
2022-12-21,0.0,10.6,7.6
2022-12-22,0.2,24.1,6.1
2022-12-23,0.2,8.0,-2.8
2022-12-24,0.0,7.1,-3.3
2022-12-25,0.0,12.6,-4.2
2022-12-26,0.0,21.0,0.6
2022-12-27,0.0,20.4,5.2
2022-12-28,0.0,26.0,5.5
2022-12-29,0.0,26.3,11.9
2022-12-30,0.0,26.1,11.3
2022-12-31,0.0,24.9,9.9
2023-01-01,0.0,29.2,11.6
2023-01-02,0.0,28.0,13.0
2023-01-03,0.0,28.0,12.5
2023-01-04,0.0,27.5,10.8
2023-01-05,0.0,28.4,9.4
2023-01-06,0.0,23.9,9.8
2023-01-09,0.0,24.2,11.8
2023-01-10,0.0,27.2,10.1
2023-01-11,0.0,30.4,12.4
2023-01-12,0.0,25.1,8.8
2023-01-13,0.0,20.0,5.2
2023-01-14,0.0,21.5,4.6
2023-01-15,0.0,27.6,6.7
2023-01-16,0.0,32.8,12.0
2023-01-17,0.0,31.5,12.7
2023-01-18,0.0,27.9,13.5
2023-01-19,0.0,21.6,9.9
2023-01-20,0.0,22.8,8.7
2023-01-21,0.0,26.4,9.6
2023-01-22,0.6000000000000001,23.6,8.5
2023-01-23,1.2000000000000002,13.4,6.1
2023-01-24,0.0,26.0,9.8
2023-01-25,0.0,22.4,3.9
2023-01-26,0.0,9.7,3.3
2023-01-27,0.0,13.4,5.6
2023-01-28,0.0,24.4,5.1
2023-01-29,0.0,30.0,11.8
2023-01-30,0.0,28.8,14.1
2023-01-31,3.6,15.4,4.7
2023-02-01,0.6000000000000001,5.9,4.0
2023-02-02,0.0,15.9,4.3
2023-02-03,0.2,19.1,3.4
2023-02-04,0.0,20.1,3.2
2023-02-05,0.0,28.3,6.9
2023-02-06,0.0,29.4,8.7
2023-02-07,0.0,31.6,10.0
2023-02-08,0.0,23.4,10.8
2023-02-09,0.0,23.4,9.1
2023-02-10,0.0,16.6,4.9
2023-02-11,0.0,19.2,0.4
2023-02-12,0.0,21.9,5.3
2023-02-13,0.0,26.6,8.0
2023-02-14,0.0,33.1,10.2
2023-02-15,0.0,34.5,13.3
2023-02-16,0.0,22.0,9.0
2023-02-17,0.0,16.3,4.9
2023-02-18,0.0,18.6,1.4
2023-02-19,0.0,26.6,5.5
2023-02-20,0.0,30.6,10.9
2023-02-21,0.0,33.0,14.3
2023-02-22,0.0,35.8,15.4
2023-02-23,0.0,35.1,17.1
2023-02-24,0.0,28.7,16.3
2023-02-25,0.0,28.2,18.2
2023-02-26,0.0,30.4,15.3
2023-02-27,0.0,35.5,16.1
2023-02-28,0.0,36.0,15.9
2023-03-01,0.0,39.4,16.4
2023-03-02,0.0,37.1,19.3
2023-03-03,0.0,28.9,9.4
2023-03-04,0.0,30.3,10.3
2023-03-05,0.0,30.0,9.8
2023-03-06,0.0,32.1,12.9
2023-03-07,0.0,32.2,15.0
2023-03-08,0.0,28.8,15.0
2023-03-09,0.0,29.6,14.2
2023-03-10,0.0,29.0,16.4
2023-03-11,0.0,33.6,15.7
2023-03-12,0.0,35.1,16.7
2023-03-13,1.6,24.1,14.6
2023-03-14,11.4,17.7,13.5
2023-03-15,6.6000000000000005,17.1,14.8
2023-03-16,0.0,33.0,15.3
2023-03-17,0.0,16.7,14.5
2023-03-21,0.0,31.1,16.3
2023-03-22,0.0,31.3,12.4
2023-03-23,0.0,34.9,14.5
2023-03-24,0.0,37.9,17.0
2023-03-25,0.0,30.8,15.4
2023-03-26,0.0,31.1,13.2
2023-03-27,0.0,25.4,17.2
2023-03-28,9.6,23.4,10.1
2023-03-29,3.5999999999999996,13.0,10.2
2023-03-30,0.0,21.8,11.8
2023-03-31,0.0,30.5,14.7
2023-04-01,0.2,26.2,17.1
2023-04-02,0.0,32.2,19.3
2023-04-03,0.0,38.2,17.2
2023-04-04,0.0,33.8,17.7
2023-04-05,0.0,31.9,14.9
2023-04-06,15.2,20.5,10.8
2023-04-07,4.8,15.3,11.0
2023-04-08,2.4000000000000004,16.5,12.3
2023-04-09,0.6000000000000001,19.0,14.6
2023-04-10,26.400000000000006,20.5,16.0
2023-04-11,0.2,25.2,14.9
2023-04-12,0.0,26.3,14.5
2023-04-13,3.4,26.7,12.9
2023-04-14,0.2,33.0,13.7
2023-04-15,0.0,34.3,16.3
2023-04-16,2.8,24.2,15.7
2023-04-17,1.0,21.4,11.9
2023-04-18,1.2000000000000002,28.4,17.5
2023-04-19,0.0,30.8,17.2
2023-04-20,0.0,28.8,17.5
2023-04-21,1.4,35.2,18.1
2023-04-22,0.0,27.4,15.1
2023-04-23,0.0,26.5,13.7
2023-04-24,9.4,15.3,12.2
2023-04-25,0.0,27.5,11.7
2023-04-26,0.0,31.0,13.0
2023-04-27,0.0,27.5,16.6
2023-04-28,0.0,31.8,15.3
2023-04-29,0.0,29.5,13.4
2023-04-30,0.0,27.6,16.2
2023-05-01,0.0,37.0,14.4
2023-05-02,0.0,30.3,14.3
2023-05-03,0.4,26.6,17.5
2023-05-04,0.8,29.3,19.6
2023-05-05,0.8,33.4,17.7
2023-05-06,0.0,36.3,18.2
2023-05-07,0.0,35.4,19.5
2023-05-08,0.6000000000000001,32.0,17.7
2023-05-09,1.4,28.8,16.4
2023-05-10,1.0,32.1,16.8
2023-05-11,0.2,34.9,15.2
2023-05-12,3.0,27.9,19.4
2023-05-13,6.2,20.7,18.2
2023-05-14,14.4,19.0,15.9
2023-05-15,0.0,27.5,14.3
2023-05-16,0.0,27.1,14.0
2023-05-17,0.0,29.8,15.7
2023-05-18,1.2000000000000002,30.5,16.8
2023-05-19,0.2,33.3,16.4
2023-05-20,31.400000000000002,27.6,17.9
2023-05-21,0.0,25.9,17.2
2023-05-22,0.0,29.1,16.0
2023-05-23,0.0,31.6,18.5
2023-05-24,0.0,28.8,18.2
2023-05-25,0.0,29.7,18.1
2023-05-26,0.0,29.4,17.4
2023-05-27,0.0,26.3,20.5
2023-05-28,4.2,32.3,17.6
2023-05-29,0.4,30.6,18.1
2023-05-30,0.2,33.3,15.7
2023-05-31,0.0,31.0,16.0
2023-06-01,0.0,27.3,21.6
2023-06-02,0.2,27.8,19.9
2023-06-03,3.2,27.6,20.3
2023-06-04,2.2,27.0,19.0
2023-06-05,0.0,32.0,17.6
2023-06-06,0.0,31.6,17.3
2023-06-07,0.0,33.2,18.4
2023-06-08,0.0,33.1,19.3
2023-06-09,0.0,36.9,19.1
2023-06-10,0.0,32.5,20.0
2023-06-11,0.0,35.9,19.6
2023-06-12,0.0,37.5,19.7
2023-06-13,0.0,40.9,19.3
2023-06-14,0.0,43.2,21.2
2023-06-15,0.0,40.5,21.6
2023-06-16,0.0,39.3,21.0
2023-06-17,0.0,37.0,21.4
2023-06-18,0.0,41.2,21.9
2023-06-19,0.0,42.9,21.3
2023-06-20,0.0,43.6,21.9
2023-06-21,0.0,43.7,22.3
2023-06-22,0.0,39.3,23.3
2023-06-23,0.0,39.4,21.3
2023-06-24,0.0,37.9,20.0
2023-06-25,0.0,38.9,20.2
2023-06-26,0.0,38.7,19.9
2023-06-27,0.0,38.3,19.0
2023-06-28,0.0,37.2,21.9
2023-06-29,0.0,36.6,25.2
2023-06-30,0.0,36.0,21.6
2023-07-01,0.0,36.8,24.2
2023-07-02,7.0,34.4,22.0
2023-07-03,30.4,30.8,21.1
2023-07-04,0.2,32.7,20.4
2023-07-05,0.0,33.8,20.8
2023-07-06,45.4,33.6,19.8
2023-07-07,0.2,30.6,19.6
2023-07-08,4.6000000000000005,31.6,20.3
2023-07-09,0.2,34.3,20.1
2023-07-10,0.0,34.8,20.8
2023-07-11,0.0,35.8,21.4
2023-07-12,0.0,37.1,20.7
2023-07-13,0.0,37.5,21.3
2023-07-14,0.0,36.7,19.4
2023-07-15,0.0,36.9,20.3
2023-07-16,0.0,36.9,19.5
2023-07-17,0.0,36.0,19.5
2023-07-18,0.0,36.7,19.6
2023-07-19,0.0,37.1,19.2
2023-07-20,0.0,36.5,19.5
2023-07-21,0.0,36.2,19.1
2023-07-22,0.0,36.8,20.5
2023-07-23,0.0,37.0,20.8
2023-07-24,5.0,35.7,20.5
2023-07-25,0.2,34.2,19.2
2023-07-26,0.0,35.6,19.7
2023-07-27,0.0,35.6,18.2
2023-07-28,0.0,34.5,17.9
2023-08-16,0.0,37.5,23.8
2023-08-17,0.0,38.8,20.4
2023-08-18,0.0,36.4,20.8
2023-08-19,0.0,33.8,21.3
2023-08-20,0.2,35.5,19.1
2023-08-21,0.4,34.9,18.6
2023-08-22,0.4,32.1,20.8
2023-08-23,0.0,31.7,20.8
2023-08-24,0.0,34.6,19.7
2023-08-25,0.0,35.3,20.4
2023-08-26,0.0,34.4,20.3
2023-08-27,0.0,36.9,21.1
2023-08-28,0.0,37.5,20.5
2023-09-05,0.0,39.0,26.3
2023-09-06,0.0,29.6,22.4
2023-09-07,0.6000000000000001,36.2,22.3
2023-09-08,0.0,37.6,20.8
2023-09-09,0.0,37.4,20.6
2023-09-10,0.0,39.1,20.8
2023-09-11,0.0,36.6,19.3
2023-09-12,0.0,36.3,29.4
2023-09-13,0.0,32.8,24.0
2023-09-14,0.0,37.4,20.0
2023-09-15,0.0,36.6,20.9
2023-09-16,3.8000000000000003,34.0,19.9
2023-09-17,26.799999999999997,33.3,19.3
2023-09-18,0.0,31.4,18.5
2023-09-19,0.0,33.7,17.8
2023-09-20,0.0,35.9,17.6
2023-09-21,0.0,35.2,18.0
2023-09-22,0.0,35.0,18.8
2023-09-23,0.0,37.0,19.5
2023-09-24,0.0,38.2,19.5
2023-09-25,0.0,36.5,19.8
2023-09-26,0.0,35.0,19.5
2023-09-27,0.6000000000000001,34.3,17.0
2023-09-28,0.0,34.4,16.4
2023-09-29,5.6000000000000005,33.2,17.3
2023-09-30,0.2,31.1,19.4
2023-10-01,4.2,29.8,19.3
2023-10-02,6.0,29.8,20.2
2023-10-03,0.0,31.9,19.4
2023-10-04,0.0,32.1,20.0
2023-10-05,30.400000000000002,33.0,18.9
2023-10-06,11.8,21.6,16.7
2023-10-07,0.8,22.0,15.9
2023-10-08,13.2,16.1,14.9
2023-10-09,0.4,21.1,14.7
2023-10-10,15.200000000000001,18.7,17.1
2023-10-11,2.8000000000000003,28.1,18.0
2023-10-12,0.0,33.1,15.3
2023-10-13,19.400000000000002,36.4,17.6
2023-10-14,1.5999999999999999,25.7,15.7
2023-10-15,1.0,19.8,15.2
2023-10-16,0.0,23.8,11.1
2023-10-17,0.0,25.3,10.0
2023-10-18,0.0,28.6,10.7
2023-10-19,0.0,31.6,13.5
2023-10-20,0.0,32.5,15.1
2023-10-21,0.0,32.0,14.7
2023-10-22,0.0,28.9,15.7
2023-10-23,0.0,26.3,17.2
2023-10-24,0.0,30.1,19.8
2023-10-25,0.0,26.7,21.7
2023-10-26,0.0,25.5,20.1
2023-10-27,2.6000000000000005,26.2,20.2
2023-10-28,0.2,28.5,17.0
2023-10-29,0.0,25.0,17.4
2023-10-30,11.599999999999998,19.7,5.7
2023-10-31,0.0,10.3,5.3
2023-11-01,0.0,17.1,5.4
2023-11-02,0.0,21.5,4.3
2023-11-03,0.0,24.7,9.0
2023-11-04,0.0,26.5,11.5
2023-11-05,0.0,27.6,12.5
2023-11-06,0.0,28.7,12.3
2023-11-07,0.0,31.4,13.9
2023-11-08,0.0,32.1,14.5
2023-11-09,0.0,28.6,15.7
2023-11-10,23.0,19.6,13.1
2023-11-11,25.6,13.9,12.3
2023-11-12,50.8,14.3,12.7
2023-11-13,16.4,16.8,13.4
2023-11-14,2.0,15.8,13.8
2023-11-15,0.0,17.2,14.1
2023-11-16,0.0,24.1,10.8
2023-11-17,0.2,27.2,11.7
2023-11-18,0.0,27.1,14.6
2023-11-19,0.0,26.9,15.3
2023-11-20,0.0,32.0,14.7
2023-11-21,0.0,19.1,10.3
2023-11-22,6.2,15.0,8.2
2023-11-23,0.6000000000000001,19.4,8.0
2023-11-24,0.0,21.9,7.4
2023-11-25,0.0,17.5,13.1
2023-11-26,5.800000000000001,18.8,12.3
2023-11-27,6.400000000000001,12.4,7.8
2023-11-28,4.0,9.5,7.7
2023-11-29,0.4,12.1,9.1
2023-11-30,0.0,24.8,10.2
2023-12-01,0.0,21.8,9.7
2023-12-02,0.0,26.4,10.5
2023-12-03,0.0,20.8,11.2
2023-12-04,0.0,24.0,11.4
2023-12-05,0.0,22.4,10.4
2023-12-06,8.2,20.0,11.4
2023-12-07,2.4000000000000004,17.2,12.7
2023-12-08,0.0,26.2,11.9
2023-12-09,0.0,27.1,14.0
2023-12-10,0.0,16.6,4.9
2023-12-11,0.0,18.0,4.5
2023-12-12,0.2,17.4,6.2
2023-12-13,0.8,15.8,12.1
2023-12-14,7.800000000000001,17.1,14.7
2023-12-15,0.2,18.0,14.7
2023-12-16,0.4,21.3,7.7
2023-12-17,0.0,20.5,6.5
2023-12-18,0.0,24.4,9.3
2023-12-19,0.0,19.3,7.9
2023-12-20,0.0,16.8,8.6
2023-12-21,0.0,19.6,9.8
2023-12-22,0.2,18.0,12.7
2023-12-23,0.0,17.3,12.4
2023-12-24,0.0,27.3,11.5
2023-12-25,0.0,15.6,10.8
2023-12-26,0.0,13.3,8.4
2023-12-27,0.0,21.8,7.6
2023-12-28,0.0,19.5,4.3
2023-12-29,0.0,19.0,5.0
2023-12-30,0.0,21.4,3.8
2023-12-31,0.0,22.6,6.4
2024-01-01,0.0,22.4,10.8
2024-01-02,0.0,15.7,10.1
2024-01-03,0.0,20.4,9.1
2024-01-04,0.0,12.3,8.9
2024-01-05,0.0,21.0,7.3
2024-01-06,0.0,21.5,7.0
2024-01-07,0.2,15.4,10.4
2024-01-08,0.0,28.7,7.7
2024-01-09,0.0,19.5,3.5
2024-01-10,0.0,22.9,3.8
2024-01-11,0.0,29.6,9.9
2024-01-12,0.0,23.3,6.7
2024-01-13,0.0,20.5,5.1
2024-01-14,0.0,23.3,5.5
2024-01-15,0.0,16.5,5.4
2024-01-16,2.2,5.4,-3.9
2024-01-17,0.0,9.2,-4.4
2024-01-18,0.0,29.0,2.4
2024-01-19,0.0,24.2,10.5
2024-01-20,0.0,12.0,4.3
2024-01-21,2.4000000000000004,9.1,4.1
2024-01-22,3.8000000000000003,23.5,7.2
2024-01-23,0.2,24.9,12.1
2024-01-24,0.6000000000000001,19.8,13.7
2024-01-25,2.8,21.6,11.8
2024-01-26,1.8,26.9,11.6
2024-01-27,0.0,22.1,9.1
2024-01-28,0.0,21.1,7.0
2024-01-29,0.0,21.8,5.6
2024-01-30,0.0,21.1,8.9
2024-01-31,0.0,20.1,9.1
